Time,Height,Speed,Precision
0.02,2.2,3.22,100.0
0.03,2.2,3.22,100.0
0.03,2.2,3.22,100.0
0.03,2.2,3.22,100.0
0.03,2.2,3.22,100.0
0.04,2.2,3.36,100.0
0.04,2.2,3.36,100.0
0.04,2.2,3.36,100.0
0.05,2.2,3.36,100.0
0.05,2.2,3.36,100.0
0.05,2.2,3.36,100.0
0.06,2.2,3.50,100.0
0.06,2.2,3.50,100.0
0.06,2.2,3.50,100.0
0.06,2.2,3.50,100.0
0.07,2.2,3.50,100.0
0.07,2.2,3.50,100.0
0.07,2.2,3.50,100.0
0.07,2.2,3.50,100.0
0.07,2.2,3.50,100.0
0.08,2.2,3.63,100.0
0.08,2.2,3.63,100.0
0.08,2.2,3.63,100.0
0.08,2.2,3.63,100.0
0.09,2.2,3.63,100.0
0.09,2.2,3.63,100.0
0.09,2.2,3.63,100.0
0.10,2.2,3.75,100.0
0.10,2.2,3.75,100.0
0.10,2.2,3.75,100.0
0.10,2.2,3.75,100.0
0.11,2.2,3.75,100.0
0.11,2.2,3.75,100.0
0.11,2.2,3.75,100.0
0.11,2.2,3.75,100.0
0.12,2.2,3.87,100.0
0.12,2.2,3.87,100.0
0.12,2.2,3.87,100.0
0.12,2.2,3.87,100.0
0.13,2.2,3.87,100.0
0.13,2.2,3.87,100.0
0.13,2.2,3.87,100.0
0.13,2.2,3.87,100.0
0.14,2.2,3.98,100.0
0.14,2.2,3.98,100.0
0.14,2.2,3.98,100.0
0.15,2.2,3.98,100.0
0.15,2.2,3.98,100.0
0.15,2.2,3.98,100.0
0.16,2.2,4.09,100.0
0.16,2.2,4.09,100.0
0.16,2.2,4.09,100.0
0.16,2.2,4.09,100.0
0.17,2.2,4.09,100.0
0.17,2.2,4.09,100.0
0.17,2.2,4.09,100.0
0.18,2.2,4.20,100.0
0.18,2.2,4.20,100.0
0.18,2.2,4.20,100.0
0.19,2.2,4.20,100.0
0.19,2.2,4.20,100.0
0.19,2.2,4.20,100.0
0.20,2.2,4.30,100.0
0.20,2.2,4.30,100.0
0.20,2.2,4.30,100.0
0.20,2.2,4.30,100.0
0.21,2.2,4.30,100.0
0.21,2.2,4.30,100.0
0.21,2.2,4.30,100.0
0.21,2.2,4.30,100.0
0.22,2.2,4.40,100.0
0.22,2.2,4.40,100.0
0.22,2.2,4.40,100.0
0.23,2.2,4.40,100.0
0.23,2.2,4.40,100.0
0.23,2.2,4.40,100.0
0.23,2.2,4.40,100.0
0.23,2.2,4.40,100.0
0.24,2.2,4.49,100.0
0.24,2.2,4.49,100.0
0.24,2.2,4.49,100.0
0.24,2.2,4.49,100.0
0.25,2.2,4.49,100.0
0.25,2.2,4.49,100.0
0.25,2.2,4.49,100.0
0.25,2.2,4.49,100.0
0.26,2.2,4.58,100.0
0.26,2.2,4.58,100.0
0.26,2.2,4.58,100.0
0.27,2.2,4.58,100.0
0.27,2.2,4.58,100.0
0.27,2.2,4.58,100.0
0.27,2.2,4.58,100.0
0.28,2.2,4.66,100.0
0.28,2.2,4.66,100.0
0.28,2.2,4.66,100.0
0.29,2.2,4.66,100.0
0.29,2.2,4.66,100.0
0.29,2.2,4.66,100.0
0.29,2.2,4.66,100.0
0.30,2.2,4.75,100.0
0.30,2.2,4.75,100.0
0.30,2.2,4.75,100.0
0.31,2.2,4.75,100.0
0.31,2.2,4.75,100.0
0.31,2.2,4.75,100.0
0.31,2.2,4.83,100.0
0.32,2.2,4.83,100.0
0.32,2.2,4.83,100.0
0.32,2.2,4.83,100.0
0.33,2.2,4.83,100.0
0.33,2.2,4.83,100.0
0.33,2.2,4.83,100.0
0.34,2.2,4.90,100.0
0.34,2.2,4.90,100.0
0.34,2.2,4.90,100.0
0.34,2.2,4.90,100.0
0.35,2.2,4.90,100.0
0.35,2.2,4.90,100.0
0.35,2.2,4.90,100.0
0.35,2.2,4.90,100.0
0.36,2.2,4.97,100.0
0.36,2.2,4.97,100.0
0.36,2.2,4.97,100.0
0.36,2.2,4.97,100.0
0.37,2.2,4.97,100.0
0.37,2.2,4.97,100.0
0.37,2.2,4.97,100.0
0.38,2.2,5.04,100.0
0.38,2.2,5.04,100.0
0.38,2.2,5.04,100.0
0.38,2.2,5.04,100.0
0.39,2.2,5.04,100.0
0.39,2.2,5.04,100.0
0.39,2.2,5.04,100.0
0.39,2.2,5.04,100.0
0.39,2.2,5.04,100.0
0.40,2.2,5.11,100.0
0.40,2.2,5.11,100.0
0.40,2.2,5.11,100.0
0.41,2.2,5.11,100.0
0.41,2.2,5.11,100.0
0.41,2.2,5.11,100.0
0.41,2.2,5.11,100.0
0.42,2.2,5.17,100.0
0.42,2.2,5.17,100.0
0.42,2.2,5.17,100.0
0.42,2.2,5.17,100.0
0.43,2.2,5.17,100.0
0.43,2.2,5.17,100.0
0.43,2.2,5.17,100.0
0.43,2.2,5.17,100.0
0.44,2.2,5.24,100.0
0.44,2.2,5.24,100.0
0.44,2.2,5.24,100.0
0.44,2.2,5.24,100.0
0.45,2.2,5.24,100.0
0.45,2.2,5.24,100.0
0.45,2.2,5.24,100.0
0.45,2.2,5.24,100.0
0.46,2.2,5.32,100.0
0.46,2.2,5.32,100.0
0.46,2.2,5.32,100.0
0.46,2.2,5.32,100.0
0.47,2.2,5.32,100.0
0.47,2.2,5.32,100.0
0.47,2.2,5.32,100.0
0.47,2.2,5.32,100.0
0.47,2.2,5.32,100.0
0.48,2.2,5.41,100.0
0.48,2.2,5.41,100.0
0.48,2.2,5.41,100.0
0.48,2.2,5.41,100.0
0.49,2.2,5.41,100.0
0.49,2.2,5.41,100.0
0.49,2.2,5.41,100.0
0.49,2.2,5.41,100.0
0.49,2.2,5.41,100.0
0.50,2.2,5.50,100.0
0.50,2.2,5.50,100.0
0.50,2.2,5.50,100.0
0.51,2.2,5.50,100.0
0.51,2.2,5.50,100.0
0.51,2.2,5.50,100.0
0.51,2.2,5.50,100.0
0.51,2.2,5.50,100.0
0.52,2.2,5.60,100.0
0.52,2.2,5.60,100.0
0.52,2.2,5.60,100.0
0.52,2.2,5.60,100.0
0.53,2.2,5.60,100.0
0.53,2.2,5.60,100.0
0.53,2.2,5.60,100.0
0.53,2.2,5.60,100.0
0.54,2.2,5.70,100.0
0.54,2.2,5.70,100.0
0.54,2.2,5.70,100.0
0.54,2.2,5.70,100.0
0.54,2.2,5.70,100.0
0.55,2.2,5.70,100.0
0.55,2.2,5.70,100.0
0.55,2.2,5.70,100.0
0.55,2.2,5.70,100.0
0.56,2.2,5.80,100.0
0.56,2.2,5.80,100.0
0.56,2.2,5.80,100.0
0.56,2.2,5.80,100.0
0.57,2.2,5.80,100.0
0.57,2.2,5.80,100.0
0.57,2.2,5.80,100.0
0.57,2.2,5.80,100.0
0.58,2.2,5.91,100.0
0.58,2.2,5.91,100.0
0.58,2.2,5.91,100.0
0.58,2.2,5.91,100.0
0.59,2.2,5.91,100.0
0.59,2.2,5.91,100.0
0.59,2.2,5.91,100.0
0.59,2.2,5.91,100.0
0.60,2.2,6.02,100.0
0.60,2.2,6.02,100.0
0.60,2.2,6.02,100.0
0.60,2.2,6.02,100.0
0.61,2.2,6.02,100.0
0.61,2.2,6.02,100.0
0.61,2.2,6.02,100.0
0.61,2.2,6.02,100.0
0.61,2.2,6.02,100.0
0.62,2.2,6.12,100.0
0.62,2.2,6.12,100.0
0.62,2.2,6.12,100.0
0.62,2.2,6.12,100.0
0.63,2.2,6.12,100.0
0.63,2.2,6.12,100.0
0.63,2.2,6.12,100.0
0.63,2.2,6.12,100.0
0.64,2.2,6.23,100.0
0.64,2.2,6.23,100.0
0.64,2.2,6.23,100.0
0.64,2.2,6.23,100.0
0.64,2.2,6.23,100.0
0.65,2.2,6.23,100.0
0.65,2.2,6.23,100.0
0.65,2.2,6.23,100.0
0.65,2.2,6.23,100.0
0.66,2.2,6.33,100.0
0.66,2.2,6.33,100.0
0.66,2.2,6.33,100.0
0.66,2.2,6.33,100.0
0.67,2.2,6.33,100.0
0.67,2.2,6.33,100.0
0.67,2.2,6.33,100.0
0.67,2.2,6.44,100.0
0.68,2.2,6.44,100.0
0.68,2.2,6.44,100.0
0.68,2.2,6.44,100.0
0.69,2.2,6.44,100.0
0.69,2.2,6.44,100.0
0.69,2.2,6.44,100.0
0.69,2.2,6.44,100.0
0.69,2.2,6.44,100.0
0.70,2.2,6.54,100.0
0.70,2.2,6.54,100.0
0.70,2.2,6.54,100.0
0.71,2.2,6.54,100.0
0.71,2.2,6.54,100.0
0.71,2.2,6.54,100.0
0.71,2.2,6.54,100.0
0.71,2.2,6.54,100.0
0.72,2.2,6.64,100.0
0.72,2.2,6.64,100.0
0.72,2.2,6.64,100.0
0.73,2.2,6.64,100.0
0.73,2.2,6.64,100.0
0.73,2.2,6.64,100.0
0.73,2.2,6.64,100.0
0.74,2.2,6.74,100.0
0.74,2.2,6.74,100.0
0.74,2.2,6.74,100.0
0.74,2.2,6.74,100.0
0.75,2.2,6.74,100.0
0.75,2.2,6.74,100.0
0.75,2.2,6.74,100.0
0.75,2.2,6.74,100.0
0.76,2.2,6.83,100.0
0.76,2.2,6.83,100.0
0.76,2.2,6.83,100.0
0.77,2.2,6.83,100.0
0.77,2.2,6.83,100.0
0.77,2.2,6.83,100.0
0.77,2.2,6.83,100.0
0.78,2.2,6.93,100.0
0.78,2.2,6.93,100.0
0.78,2.2,6.93,100.0
0.78,2.2,6.93,100.0
0.79,2.2,6.93,100.0
0.79,2.2,6.93,100.0
0.79,2.2,6.93,100.0
0.79,2.2,6.93,100.0
0.80,2.2,7.02,100.0
0.80,2.2,7.02,100.0
0.80,2.2,7.02,100.0
0.80,2.2,7.02,100.0
0.81,2.2,7.02,100.0
0.81,2.2,7.02,100.0
0.81,2.2,7.02,100.0
0.81,2.2,7.02,100.0
0.81,2.2,7.02,100.0
0.82,2.2,7.11,100.0
0.82,2.2,7.11,100.0
0.82,2.2,7.11,100.0
0.82,2.2,7.11,100.0
0.83,2.2,7.11,100.0
0.83,2.2,7.11,100.0
0.83,2.2,7.11,100.0
0.83,2.2,7.11,100.0
0.84,2.2,7.19,100.0
0.84,2.2,7.19,100.0
0.84,2.2,7.19,100.0
0.84,2.2,7.19,100.0
0.84,2.2,7.19,100.0
0.85,2.2,7.19,100.0
0.85,2.2,7.19,100.0
0.85,2.2,7.19,100.0
0.85,2.2,7.19,100.0
0.86,2.2,7.28,100.0
0.86,2.2,7.28,100.0
0.86,2.2,7.28,100.0
0.87,2.2,7.28,100.0
0.87,2.2,7.28,100.0
0.87,2.2,7.28,100.0
0.87,2.2,7.28,100.0
0.88,2.2,7.36,100.0
0.88,2.2,7.36,100.0
0.88,2.2,7.36,100.0
0.88,2.2,7.36,100.0
0.89,2.2,7.36,100.0
0.89,2.2,7.36,100.0
0.89,2.2,7.36,100.0
0.89,2.2,7.36,100.0
0.90,2.2,7.44,100.0
0.90,2.2,7.44,100.0
0.90,2.2,7.44,100.0
0.91,2.2,7.44,100.0
0.91,2.2,7.44,100.0
0.91,2.2,7.44,100.0
0.91,2.2,7.44,100.0
0.92,2.2,7.51,100.0
0.92,2.2,7.51,100.0
0.92,2.2,7.51,100.0
0.92,2.2,7.51,100.0
0.93,2.2,7.51,100.0
0.93,2.2,7.51,100.0
0.93,2.2,7.51,100.0
0.94,2.2,7.59,100.0
0.94,2.2,7.59,100.0
0.94,2.2,7.59,100.0
0.95,2.2,7.59,100.0
0.95,2.2,7.59,100.0
0.95,2.2,7.59,100.0
0.95,2.2,7.59,100.0
0.96,2.2,7.44,100.0
0.96,2.2,7.44,100.0
0.96,2.2,7.44,100.0
0.96,2.2,7.44,100.0
0.97,2.2,7.44,100.0
0.97,2.2,7.44,100.0
0.97,2.2,7.44,100.0
0.97,2.2,7.44,100.0
0.98,2.2,7.31,100.0
0.98,2.2,7.31,100.0
0.98,2.2,7.31,100.0
0.98,2.2,7.31,100.0
0.99,2.2,7.31,100.0
0.99,2.2,7.31,100.0
0.99,2.2,7.31,100.0
0.99,2.2,7.31,100.0
0.99,2.2,7.31,100.0
1.00,2.2,7.19,100.0
1.00,2.2,7.19,100.0
1.00,2.2,7.19,100.0
1.00,2.2,7.19,100.0
1.01,2.2,7.19,100.0
1.01,2.2,7.19,100.0
1.01,2.2,7.19,100.0
1.01,2.2,7.19,100.0
1.02,2.2,7.08,100.0
1.02,2.2,7.08,100.0
1.02,2.2,7.08,100.0
1.02,2.2,7.08,100.0
1.03,2.2,7.08,100.0
1.03,2.2,7.08,100.0
1.03,2.2,7.08,100.0
1.03,2.2,7.08,100.0
1.04,2.2,6.98,100.0
1.04,2.2,6.98,100.0
1.04,2.2,6.98,100.0
1.04,2.2,6.98,100.0
1.05,2.2,6.98,100.0
1.05,2.2,6.98,100.0
1.05,2.2,6.98,100.0
1.05,2.2,6.98,100.0
1.06,2.2,6.89,100.0
1.06,2.2,6.89,100.0
1.06,2.2,6.89,100.0
1.06,2.2,6.89,100.0
1.07,2.2,6.89,100.0
1.07,2.2,6.89,100.0
1.07,2.2,6.89,100.0
1.07,2.2,6.89,100.0
1.08,2.2,6.81,100.0
1.08,2.2,6.81,100.0
1.08,2.2,6.81,100.0
1.08,2.2,6.81,100.0
1.09,2.2,6.81,100.0
1.09,2.2,6.81,100.0
1.09,2.2,6.81,100.0
1.09,2.2,6.81,100.0
1.10,2.2,6.73,100.0
1.10,2.2,6.73,100.0
1.10,2.2,6.73,100.0
1.10,2.2,6.73,100.0
1.11,2.2,6.73,100.0
1.11,2.2,6.73,100.0
1.11,2.2,6.73,100.0
1.11,2.2,6.73,100.0
1.12,2.2,6.67,100.0
1.12,2.2,6.67,100.0
1.12,2.2,6.67,100.0
1.12,2.2,6.67,100.0
1.13,2.2,6.67,100.0
1.13,2.2,6.67,100.0
1.13,2.2,6.67,100.0
1.13,2.2,6.67,100.0
1.14,2.2,6.61,100.0
1.14,2.2,6.61,100.0
1.14,2.2,6.61,100.0
1.14,2.2,6.61,100.0
1.15,2.2,6.61,100.0
1.15,2.2,6.61,100.0
1.15,2.2,6.61,100.0
1.15,2.2,6.61,100.0
1.16,2.2,6.56,100.0
1.16,2.2,6.56,100.0
1.16,2.2,6.56,100.0
1.16,2.2,6.56,100.0
1.17,2.2,6.56,100.0
1.17,2.2,6.56,100.0
1.17,2.2,6.56,100.0
1.17,2.2,6.56,100.0
1.18,2.2,6.51,100.0
1.18,2.2,6.51,100.0
1.18,2.2,6.51,100.0
1.18,2.2,6.51,100.0
1.19,2.2,6.51,100.0
1.19,2.2,6.51,100.0
1.19,2.2,6.51,100.0
1.19,2.2,6.51,100.0
1.20,2.2,6.47,100.0
1.20,2.2,6.47,100.0
1.20,2.2,6.47,100.0
1.21,2.2,6.47,100.0
1.21,2.2,6.47,100.0
1.21,2.2,6.47,100.0
1.21,2.2,6.47,100.0
1.22,2.2,6.44,100.0
1.22,2.2,6.44,100.0
1.22,2.2,6.44,100.0
1.22,2.2,6.44,100.0
1.23,2.2,6.44,100.0
1.23,2.2,6.44,100.0
1.23,2.2,6.44,100.0
1.23,2.2,6.44,100.0
1.24,2.2,6.41,100.0
1.24,2.2,6.41,100.0
1.24,2.2,6.41,100.0
1.24,2.2,6.41,100.0
1.25,2.2,6.41,100.0
1.25,2.2,6.41,100.0
1.25,2.2,6.41,100.0
1.26,2.2,6.38,100.0
1.26,2.2,6.38,100.0
1.26,2.2,6.38,100.0
1.26,2.2,6.38,100.0
1.27,2.2,6.38,100.0
1.27,2.2,6.38,100.0
1.27,2.2,6.38,100.0
1.27,2.2,6.38,100.0
1.28,2.2,6.36,100.0
1.28,2.2,6.36,100.0
1.28,2.2,6.36,100.0
1.28,2.2,6.36,100.0
1.29,2.2,6.36,100.0
1.29,2.2,6.36,100.0
1.29,2.2,6.36,100.0
1.30,2.2,6.34,100.0
1.30,2.2,6.34,100.0
1.30,2.2,6.34,100.0
1.30,2.2,6.34,100.0
1.31,2.2,6.34,100.0
1.31,2.2,6.34,100.0
1.31,2.2,6.34,100.0
1.31,2.2,6.34,100.0
1.32,2.2,5.85,99.0
1.32,2.2,5.85,99.0
1.32,2.2,5.85,99.0
1.33,2.2,5.85,99.0
1.33,2.2,5.85,99.0
1.33,2.2,5.85,99.0
1.34,2.2,5.38,99.0
1.34,2.2,5.38,99.0
1.34,2.2,5.38,99.0
1.34,2.2,5.38,99.0
1.35,2.2,5.38,99.0
1.35,2.2,5.38,99.0
1.35,2.2,5.38,99.0
1.35,2.2,5.38,99.0
1.36,2.2,4.94,99.0
1.36,2.2,4.94,99.0
1.36,2.2,4.94,99.0
1.37,2.2,4.94,99.0
1.37,2.2,4.94,99.0
1.37,2.2,4.94,99.0
1.37,2.2,4.94,99.0
1.37,2.2,4.94,99.0
1.38,2.2,4.52,99.0
1.38,2.2,4.52,99.0
1.38,2.2,4.52,99.0
1.38,2.2,4.52,99.0
1.39,2.2,4.52,99.0
1.39,2.2,4.52,99.0
1.39,2.2,4.52,99.0
1.39,2.2,4.52,99.0
1.39,2.2,4.12,99.0
1.40,2.2,4.12,99.0
1.40,2.2,4.12,99.0
1.40,2.2,4.12,99.0
1.41,2.2,4.12,99.0
1.41,2.2,4.12,99.0
1.41,2.2,4.12,99.0
1.42,2.2,3.74,99.0
1.42,2.2,3.74,99.0
1.42,2.2,3.74,99.0
1.43,2.2,3.74,99.0
1.43,2.2,3.74,99.0
1.43,2.2,3.74,99.0
1.43,2.2,3.74,99.0
1.44,2.2,3.38,99.0
1.44,2.2,3.38,99.0
1.44,2.2,3.38,99.0
1.44,2.2,3.38,99.0
1.45,2.2,3.38,99.0
1.45,2.2,3.38,99.0
1.45,2.2,3.38,99.0
1.45,2.2,3.38,99.0
1.46,2.2,3.05,99.0
1.46,2.2,3.05,99.0
1.46,2.2,3.05,99.0
1.46,2.2,3.05,99.0
1.47,2.2,3.05,99.0
1.47,2.2,3.05,99.0
1.47,2.2,3.05,99.0
1.48,2.2,2.74,99.0
1.48,2.2,2.74,99.0
1.48,2.2,2.74,99.0
1.48,2.2,2.74,99.0
1.49,2.2,2.74,99.0
1.49,2.2,2.74,99.0
1.49,2.2,2.74,99.0
1.49,2.2,2.74,99.0
1.50,2.2,2.46,99.0
1.50,2.2,2.46,99.0
1.50,2.2,2.46,99.0
1.51,2.2,2.46,99.0
1.51,2.2,2.46,99.0
1.51,2.2,2.46,99.0
1.51,2.2,2.21,99.0
1.52,2.2,2.21,99.0
1.52,2.2,2.21,99.0
1.52,2.2,2.21,99.0
1.53,2.2,2.21,99.0
1.53,2.2,2.21,99.0
1.53,2.2,2.21,99.0
1.53,2.2,2.21,99.0
1.54,2.2,2.00,99.0
1.54,2.2,2.00,99.0
1.54,2.2,2.00,99.0
1.55,2.2,2.00,99.0
1.55,2.2,2.00,99.0
1.55,2.2,2.00,99.0
1.55,2.2,2.00,99.0
1.56,2.2,1.82,99.0
1.56,2.2,1.82,99.0
1.56,2.2,1.82,99.0
1.56,2.2,1.82,99.0
1.57,2.2,1.82,99.0
1.57,2.2,1.82,99.0
1.57,2.2,1.82,99.0
1.57,2.2,1.82,99.0
1.58,2.2,1.69,99.0
1.58,2.2,1.69,99.0
1.58,2.2,1.69,99.0
1.58,2.2,1.69,99.0
1.59,2.2,1.69,99.0
1.59,2.2,1.69,99.0
1.59,2.2,1.69,99.0
1.60,2.2,1.61,99.0
1.60,2.2,1.61,99.0
1.60,2.2,1.61,99.0
1.60,2.2,1.61,99.0
1.61,2.2,1.61,99.0
1.61,2.2,1.61,99.0
1.61,2.2,1.61,99.0
1.61,2.2,1.61,99.0
1.62,2.2,1.57,99.0
1.62,2.2,1.57,99.0
1.62,2.2,1.57,99.0
1.62,2.2,1.57,99.0
1.63,2.2,1.57,99.0
1.63,2.2,1.57,99.0
1.63,2.2,1.57,99.0
1.63,2.2,1.57,99.0
1.64,2.2,1.34,99.0
1.64,2.2,1.34,99.0
1.64,2.2,1.34,99.0
1.64,2.2,1.34,99.0
1.65,2.2,1.34,99.0
1.65,2.2,1.34,99.0
1.65,2.2,1.34,99.0
1.65,2.2,1.34,99.0
1.65,2.2,1.34,99.0
1.66,2.2,1.21,99.0
1.66,2.2,1.21,99.0
1.66,2.2,1.21,99.0
1.66,2.2,1.21,99.0
1.67,2.2,1.21,99.0
1.67,2.2,1.21,99.0
1.67,2.2,1.21,99.0
1.67,2.2,1.21,99.0
1.68,2.2,1.20,99.0
1.68,2.2,1.20,99.0
1.68,2.2,1.20,99.0
1.68,2.2,1.20,99.0
1.69,2.2,1.20,99.0
1.69,2.2,1.20,99.0
1.69,2.2,1.20,99.0
1.69,2.2,1.20,99.0
1.70,2.2,1.31,99.0
1.70,2.2,1.31,99.0
1.70,2.2,1.31,99.0
1.70,2.2,1.31,99.0
1.71,2.2,1.31,99.0
1.71,2.2,1.31,99.0
1.71,2.2,1.31,99.0
1.71,2.2,1.31,99.0
1.71,2.2,1.31,99.0
1.72,2.2,1.49,99.0
1.72,2.2,1.49,99.0
1.72,2.2,1.49,99.0
1.73,2.2,1.49,99.0
1.73,2.2,1.49,99.0
1.73,2.2,1.49,99.0
1.73,2.2,1.49,99.0
1.74,2.2,1.72,99.0
1.74,2.2,1.72,99.0
1.74,2.2,1.72,99.0
1.74,2.2,1.72,99.0
1.75,2.2,1.72,99.0
1.75,2.2,1.72,99.0
1.75,2.2,1.72,99.0
1.75,2.2,1.72,99.0
1.76,2.2,1.97,99.0
1.76,2.2,1.97,99.0
1.76,2.2,1.97,99.0
1.76,2.2,1.97,99.0
1.77,2.2,1.97,99.0
1.77,2.2,1.97,99.0
1.77,2.2,1.97,99.0
1.77,2.2,1.97,99.0
1.78,2.2,2.23,99.0
1.78,2.2,2.23,99.0
1.78,2.2,2.23,99.0
1.78,2.2,2.23,99.0
1.79,2.2,2.23,99.0
1.79,2.2,2.23,99.0
1.79,2.2,2.23,99.0
1.79,2.2,2.23,99.0
1.80,2.2,2.49,99.0
1.80,2.2,2.49,99.0
1.80,2.2,2.49,99.0
1.80,2.2,2.49,99.0
1.81,2.2,2.49,99.0
1.81,2.2,2.49,99.0
1.81,2.2,2.49,99.0
1.81,2.2,2.49,99.0
1.82,2.2,2.74,99.0
1.82,2.2,2.74,99.0
1.82,2.2,2.74,99.0
1.82,2.2,2.74,99.0
1.83,2.2,2.74,99.0
1.83,2.2,2.74,99.0
1.83,2.2,2.74,99.0
1.83,2.2,2.74,99.0
1.84,2.2,3.00,99.0
1.84,2.2,3.00,99.0
1.84,2.2,3.00,99.0
1.85,2.2,3.00,99.0
1.85,2.2,3.00,99.0
1.85,2.2,3.00,99.0
1.85,2.2,3.00,99.0
1.86,2.2,3.24,99.0
1.86,2.2,3.24,99.0
1.86,2.2,3.24,99.0
1.86,2.2,3.24,99.0
1.87,2.2,3.24,99.0
1.87,2.2,3.24,99.0
1.87,2.2,3.48,99.0
1.88,2.2,3.48,99.0
1.88,2.2,3.48,99.0
1.88,2.2,3.48,99.0
1.89,2.2,3.48,99.0
1.89,2.2,3.48,99.0
1.89,2.2,3.48,99.0
1.89,2.2,3.48,99.0
1.90,2.2,3.72,99.0
1.90,2.2,3.72,99.0
1.90,2.2,3.72,99.0
1.90,2.2,3.72,99.0
1.91,2.2,3.72,99.0
1.91,2.2,3.72,99.0
1.91,2.2,3.72,99.0
1.91,2.2,3.72,99.0
1.92,2.2,3.94,99.0
1.92,2.2,3.94,99.0
1.92,2.2,3.94,99.0
1.92,2.2,3.94,99.0
1.93,2.2,3.94,99.0
1.93,2.2,3.94,99.0
1.93,2.2,3.94,99.0
1.93,2.2,3.94,99.0
1.94,2.2,4.16,99.0
1.94,2.2,4.16,99.0
1.94,2.2,4.16,99.0
1.95,2.2,4.16,99.0
1.95,2.2,4.16,99.0
1.95,2.2,4.16,99.0
1.96,2.2,4.37,99.0
1.96,2.2,4.37,99.0
1.96,2.2,4.37,99.0
1.96,2.2,4.37,99.0
1.97,2.2,4.37,99.0
1.97,2.2,4.37,99.0
1.97,2.2,4.37,99.0
1.98,2.2,4.57,99.0
1.98,2.2,4.57,99.0
1.98,2.2,4.57,99.0
1.99,2.2,4.57,99.0
1.99,2.2,4.57,99.0
1.99,2.2,4.57,99.0
2.00,2.2,4.76,99.0
2.00,2.2,4.76,99.0
2.00,2.2,4.76,99.0
2.01,2.2,4.76,99.0
2.01,2.2,4.76,99.0
2.01,2.2,4.76,99.0
2.02,2.2,4.95,98.0
2.02,2.2,4.95,98.0
2.02,2.2,4.95,98.0
2.03,2.2,4.95,98.0
2.03,2.2,4.95,98.0
2.03,2.2,4.95,98.0
2.03,2.2,4.95,98.0
2.04,2.2,5.13,98.0
2.04,2.2,5.13,98.0
2.04,2.2,5.13,98.0
2.05,2.2,5.13,98.0
2.05,2.2,5.13,98.0
2.05,2.2,5.13,98.0
2.05,2.2,5.13,98.0
2.06,2.2,5.30,98.0
2.06,2.2,5.30,98.0
2.06,2.2,5.30,98.0
2.07,2.2,5.30,98.0
2.07,2.2,5.30,98.0
2.07,2.2,5.30,98.0
2.07,2.2,5.30,98.0
2.08,2.2,5.47,98.0
2.08,2.2,5.47,98.0
2.08,2.2,5.47,98.0
2.08,2.2,5.47,98.0
2.09,2.2,5.47,98.0
2.09,2.2,5.47,98.0
2.09,2.2,5.47,98.0
2.09,2.2,5.47,98.0
2.10,2.2,5.63,98.0
2.10,2.2,5.63,98.0
2.10,2.2,5.63,98.0
2.11,2.2,5.63,98.0
2.11,2.2,5.63,98.0
2.11,2.2,5.63,98.0
2.11,2.2,5.63,98.0
2.12,2.2,5.78,98.0
2.12,2.2,5.78,98.0
2.12,2.2,5.78,98.0
2.13,2.2,5.78,98.0
2.13,2.2,5.78,98.0
2.13,2.2,5.78,98.0
2.14,2.2,5.93,98.0
2.14,2.2,5.93,98.0
2.14,2.2,5.93,98.0
2.15,2.2,5.93,98.0
2.15,2.2,5.93,98.0
2.15,2.2,5.93,98.0
2.15,2.2,6.07,98.0
2.16,2.2,6.07,98.0
2.16,2.2,6.07,98.0
2.16,2.2,6.07,98.0
2.17,2.2,6.07,98.0
2.17,2.2,6.07,98.0
2.17,2.2,6.07,98.0
2.17,2.2,6.21,98.0
2.18,2.2,6.21,98.0
2.18,2.2,6.21,98.0
2.18,2.2,6.21,98.0
2.19,2.2,6.21,98.0
2.19,2.2,6.21,98.0
2.19,2.2,6.21,98.0
2.19,2.2,6.21,98.0
2.20,2.2,6.34,98.0
2.20,2.2,6.34,98.0
2.20,2.2,6.34,98.0
2.20,2.2,6.34,98.0
2.21,2.2,6.34,98.0
2.21,2.2,6.34,98.0
2.21,2.2,6.34,98.0
2.21,2.2,6.47,98.0
2.22,2.2,6.47,98.0
2.22,2.2,6.47,98.0
2.22,2.2,6.47,98.0
2.23,2.2,6.47,98.0
2.23,2.2,6.47,98.0
2.23,2.2,6.47,98.0
2.23,2.2,6.47,98.0
2.24,2.2,6.59,98.0
2.24,2.2,6.59,98.0
2.24,2.2,6.59,98.0
2.24,2.2,6.59,98.0
2.25,2.2,6.59,98.0
2.25,2.2,6.59,98.0
2.25,2.2,6.59,98.0
2.25,2.2,6.59,98.0
2.26,2.2,6.70,98.0
2.26,2.2,6.70,98.0
2.26,2.2,6.70,98.0
2.27,2.2,6.70,98.0
2.27,2.2,6.70,98.0
2.27,2.2,6.70,98.0
2.27,2.2,6.70,98.0
2.28,2.2,6.81,98.0
2.28,2.2,6.81,98.0
2.28,2.2,6.81,98.0
2.28,2.2,6.81,98.0
2.29,2.2,6.81,98.0
2.29,2.2,6.81,98.0
2.29,2.2,6.81,98.0
2.29,2.2,6.81,98.0
2.30,2.2,6.92,98.0
2.30,2.2,6.92,98.0
2.30,2.2,6.92,98.0
2.31,2.2,6.92,98.0
2.31,2.2,6.92,98.0
2.31,2.2,6.92,98.0
2.31,2.2,6.92,98.0
2.32,2.2,7.02,98.0
2.32,2.2,7.02,98.0
2.32,2.2,7.02,98.0
2.33,2.2,7.02,98.0
2.33,2.2,7.02,98.0
2.33,2.2,7.02,98.0
2.33,2.2,7.02,98.0
2.34,2.2,7.12,98.0
2.34,2.2,7.12,98.0
2.34,2.2,7.12,98.0
2.34,2.2,7.12,98.0
2.35,2.2,7.12,98.0
2.35,2.2,7.12,98.0
2.35,2.2,7.12,98.0
2.35,2.2,7.12,98.0
2.36,2.2,7.22,98.0
2.36,2.2,7.22,98.0
2.36,2.2,7.22,98.0
2.37,2.2,7.22,98.0
2.37,2.2,7.22,98.0
2.37,2.2,7.22,98.0
2.37,2.2,7.22,98.0
2.38,2.2,7.31,98.0
2.38,2.2,7.31,98.0
2.38,2.2,7.31,98.0
2.38,2.2,7.31,98.0
2.39,2.2,7.31,98.0
2.39,2.2,7.31,98.0
2.39,2.2,7.31,98.0
2.40,2.2,7.40,98.0
2.40,2.2,7.40,98.0
2.40,2.2,7.40,98.0
2.40,2.2,7.40,98.0
2.41,2.2,7.40,98.0
2.41,2.2,7.40,98.0
2.41,2.2,7.40,98.0
2.41,2.2,7.40,98.0
2.42,2.2,7.48,98.0
2.42,2.2,7.48,98.0
2.42,2.2,7.48,98.0
2.43,2.2,7.48,98.0
2.43,2.2,7.48,98.0
2.43,2.2,7.48,98.0
2.43,2.2,7.48,98.0
2.44,2.2,7.56,98.0
2.44,2.2,7.56,98.0
2.44,2.2,7.56,98.0
2.45,2.2,7.56,98.0
2.45,2.2,7.56,98.0
2.45,2.2,7.56,98.0
2.45,2.2,7.56,98.0
2.46,2.2,7.64,98.0
2.46,2.2,7.64,98.0
2.46,2.2,7.64,98.0
2.47,2.2,7.64,98.0
2.47,2.2,7.64,98.0
2.47,2.2,7.64,97.0
2.47,2.2,7.64,97.0
2.48,2.2,7.71,97.0
2.48,2.2,7.71,97.0
2.48,2.2,7.71,97.0
2.48,2.2,7.71,97.0
2.49,2.2,7.71,97.0
2.49,2.2,7.71,97.0
2.49,2.2,7.71,97.0
2.50,2.2,7.78,97.0
2.50,2.2,7.78,97.0
2.50,2.2,7.78,97.0
2.50,2.2,7.78,97.0
2.51,2.2,7.78,97.0
2.51,2.2,7.78,97.0
2.51,2.2,7.78,97.0
2.52,2.2,7.85,97.0
2.52,2.2,7.85,97.0
2.52,2.2,7.85,97.0
2.53,2.2,7.85,97.0
2.53,2.2,7.85,97.0
2.53,2.2,7.85,97.0
2.53,2.2,7.85,97.0
2.54,2.2,7.92,97.0
2.54,2.2,7.92,97.0
2.54,2.2,7.92,97.0
2.55,2.2,7.92,97.0
2.55,2.2,7.92,97.0
2.55,2.2,7.92,97.0
2.55,2.2,7.92,97.0
2.56,2.2,7.98,97.0
2.56,2.2,7.98,97.0
2.56,2.2,7.98,97.0
2.57,2.2,7.98,97.0
2.57,2.2,7.98,97.0
2.57,2.2,7.98,97.0
2.57,2.2,7.98,97.0
2.58,2.2,8.04,97.0
2.58,2.2,8.04,97.0
2.58,2.2,8.04,97.0
2.59,2.2,8.04,97.0
2.59,2.2,8.04,97.0
2.59,2.2,8.04,97.0
2.59,2.2,8.04,97.0
2.60,2.2,8.10,97.0
2.60,2.2,8.10,97.0
2.60,2.2,8.10,97.0
2.61,2.2,8.10,97.0
2.61,2.2,8.10,97.0
2.61,2.2,8.10,97.0
2.61,2.2,8.10,97.0
2.62,2.2,7.97,97.0
2.62,2.2,7.97,97.0
2.62,2.2,7.97,97.0
2.62,2.2,7.97,97.0
2.63,2.2,7.97,97.0
2.63,2.2,7.97,97.0
2.63,2.2,7.97,97.0
2.64,2.2,7.84,97.0
2.64,2.2,7.84,97.0
2.64,2.2,7.84,97.0
2.64,2.2,7.84,97.0
2.65,2.2,7.84,97.0
2.65,2.2,7.84,97.0
2.65,2.2,7.84,97.0
2.66,2.2,7.72,97.0
2.66,2.2,7.72,97.0
2.66,2.2,7.72,97.0
2.67,2.2,7.72,97.0
2.67,2.2,7.72,97.0
2.67,2.2,7.72,97.0
2.67,2.2,7.72,97.0
2.68,2.2,7.44,97.0
2.68,2.2,7.44,97.0
2.68,2.2,7.44,97.0
2.68,2.2,7.44,97.0
2.69,2.2,7.44,97.0
2.69,2.2,7.44,97.0
2.69,2.2,7.44,97.0
2.69,2.2,7.44,97.0
2.70,2.2,7.19,97.0
2.70,2.2,7.19,97.0
2.70,2.2,7.19,97.0
2.71,2.2,7.19,97.0
2.71,2.2,7.19,97.0
2.71,2.2,7.19,97.0
2.71,2.2,7.19,97.0
2.72,2.2,6.97,97.0
2.72,2.2,6.97,97.0
2.72,2.2,6.97,97.0
2.73,2.2,6.97,97.0
2.73,2.2,6.97,97.0
2.73,2.2,6.97,97.0
2.74,2.2,6.78,97.0
2.74,2.2,6.78,97.0
2.74,2.2,6.78,97.0
2.74,2.2,6.78,97.0
2.75,2.2,6.78,97.0
2.75,2.2,6.78,97.0
2.75,2.2,6.78,97.0
2.76,2.2,6.62,97.0
2.76,2.2,6.62,97.0
2.76,2.2,6.62,97.0
2.76,2.2,6.62,97.0
2.77,2.2,6.62,97.0
2.77,2.2,6.62,97.0
2.77,2.2,6.62,97.0
2.77,2.2,6.62,97.0
2.77,2.2,6.62,97.0
2.78,2.2,6.49,97.0
2.78,2.2,6.49,97.0
2.78,2.2,6.49,97.0
2.78,2.2,6.49,97.0
2.79,2.2,6.49,97.0
2.79,2.2,6.49,97.0
2.79,2.2,6.49,97.0
2.80,2.2,6.38,97.0
2.80,2.2,6.38,97.0
2.80,2.2,6.38,97.0
2.80,2.2,6.38,97.0
2.81,2.2,6.38,97.0
2.81,2.2,6.38,97.0
2.81,2.2,6.38,97.0
2.82,2.2,6.29,97.0
2.82,2.2,6.29,97.0
2.82,2.2,6.29,97.0
2.82,2.2,6.29,97.0
2.83,2.2,6.29,97.0
2.83,2.2,6.29,97.0
2.83,2.2,6.29,97.0
2.83,2.2,6.29,97.0
2.84,2.2,6.22,97.0
2.84,2.2,6.22,97.0
2.84,2.2,6.22,97.0
2.84,2.2,6.22,97.0
2.85,2.2,6.22,97.0
2.85,2.2,6.22,97.0
2.85,2.2,6.22,97.0
2.85,2.2,6.22,97.0
2.86,2.2,6.18,97.0
2.86,2.2,6.18,97.0
2.86,2.2,6.18,97.0
2.86,2.2,6.18,97.0
2.87,2.2,6.18,97.0
2.87,2.2,6.18,97.0
2.87,2.2,6.18,97.0
2.87,2.2,6.18,97.0
2.88,2.2,6.15,97.0
2.88,2.2,6.15,97.0
2.88,2.2,6.15,97.0
2.88,2.2,6.15,97.0
2.89,2.2,6.15,97.0
2.89,2.2,6.15,97.0
2.89,2.2,6.15,97.0
2.90,2.2,6.14,97.0
2.90,2.2,6.14,97.0
2.90,2.2,6.14,97.0
2.90,2.2,6.14,97.0
2.91,2.2,6.14,97.0
2.91,2.2,6.14,97.0
2.91,2.2,6.14,97.0
2.91,2.2,6.14,97.0
2.92,2.2,6.14,97.0
2.92,2.2,6.14,97.0
2.92,2.2,6.14,97.0
2.92,2.2,6.14,97.0
2.93,2.2,6.14,97.0
2.93,2.2,6.14,97.0
2.93,2.2,6.14,97.0
2.94,2.2,6.16,97.0
2.94,2.2,6.16,97.0
2.94,2.2,6.16,97.0
2.94,2.2,6.16,97.0
2.95,2.2,6.16,97.0
2.95,2.2,6.16,97.0
2.95,2.2,6.16,97.0
2.96,2.2,6.19,97.0
2.96,2.2,6.19,97.0
2.96,2.2,6.19,97.0
2.97,2.2,6.19,97.0
2.97,2.2,6.19,97.0
2.97,2.2,6.19,97.0
2.97,2.2,6.19,97.0
2.98,2.2,6.23,97.0
2.98,2.2,6.23,97.0
2.98,2.2,6.23,97.0
2.99,2.2,6.23,97.0
2.99,2.2,6.23,97.0
2.99,2.2,6.23,97.0
3.00,2.2,6.27,97.0
3.00,2.2,6.27,97.0
3.00,2.2,6.27,97.0
3.00,2.2,6.27,97.0
3.01,2.2,6.27,97.0
3.01,2.2,6.27,97.0
3.01,2.2,6.27,97.0
3.02,2.2,6.33,97.0
3.02,2.2,6.33,97.0
3.02,2.2,6.33,97.0
3.02,2.2,6.33,97.0
3.03,2.2,6.33,97.0
3.03,2.2,6.33,97.0
3.03,2.2,6.33,97.0
3.03,2.2,6.39,97.0
3.04,2.2,6.39,97.0
3.04,2.2,6.39,97.0
3.04,2.2,6.39,97.0
3.05,2.2,6.39,97.0
3.05,2.2,6.39,97.0
3.05,2.2,6.39,97.0
3.05,2.2,6.39,97.0
3.06,2.2,6.45,97.0
3.06,2.2,6.45,97.0
3.06,2.2,6.45,97.0
3.06,2.2,6.45,97.0
3.07,2.2,6.45,97.0
3.07,2.2,6.45,97.0
3.07,2.2,6.45,97.0
3.08,2.2,6.52,97.0
3.08,2.2,6.52,97.0
3.08,2.2,6.52,97.0
3.08,2.2,6.52,97.0
3.09,2.2,6.52,97.0
3.09,2.2,6.52,97.0
3.09,2.2,6.52,97.0
3.10,2.2,6.59,97.0
3.10,2.2,6.59,97.0
3.10,2.2,6.59,97.0
3.10,2.2,6.59,97.0
3.11,2.2,6.59,97.0
3.11,2.2,6.59,97.0
3.11,2.2,6.59,97.0
3.11,2.2,6.59,97.0
3.12,2.2,6.66,97.0
3.12,2.2,6.66,97.0
3.12,2.2,6.66,97.0
3.13,2.2,6.66,97.0
3.13,2.2,6.66,97.0
3.13,2.2,6.66,97.0
3.13,2.2,6.66,97.0
3.14,2.2,6.74,97.0
3.14,2.2,6.74,97.0
3.14,2.2,6.74,97.0
3.15,2.2,6.74,97.0
3.15,2.2,6.74,97.0
3.15,2.2,6.74,97.0
3.15,2.2,6.74,97.0
3.16,2.2,6.81,97.0
3.16,2.2,6.81,97.0
3.16,2.2,6.81,97.0
3.17,2.2,6.81,97.0
3.17,2.2,6.81,97.0
3.17,2.2,6.81,97.0
3.18,2.2,6.89,97.0
3.18,2.2,6.89,97.0
3.18,2.2,6.89,97.0
3.19,2.2,6.89,97.0
3.19,2.2,6.89,97.0
3.19,2.2,6.89,97.0
3.20,2.2,6.97,97.0
3.20,2.2,6.97,97.0
3.20,2.2,6.97,97.0
3.20,2.2,6.97,97.0
3.21,2.2,6.97,97.0
3.21,2.2,6.97,97.0
3.21,2.2,6.97,97.0
3.21,2.2,6.97,97.0
3.22,2.2,7.04,97.0
3.22,2.2,7.04,97.0
3.22,2.2,7.04,97.0
3.23,2.2,7.04,97.0
3.23,2.2,7.04,97.0
3.23,2.2,7.04,97.0
3.24,2.2,7.12,97.0
3.24,2.2,7.12,97.0
3.24,2.2,7.12,97.0
3.24,2.2,7.12,97.0
3.25,2.2,7.12,97.0
3.25,2.2,7.12,97.0
3.26,2.2,7.19,97.0
3.26,2.2,7.19,97.0
3.26,2.2,7.19,97.0
3.27,2.2,7.19,97.0
3.27,2.2,7.19,97.0
3.27,2.2,7.19,97.0
3.27,2.2,7.19,97.0
3.28,2.2,7.27,97.0
3.28,2.2,7.27,97.0
3.28,2.2,7.27,97.0
3.29,2.2,7.27,97.0
3.29,2.2,7.27,97.0
3.29,2.2,7.27,97.0
3.29,2.2,7.34,97.0
3.30,2.2,7.34,97.0
3.30,2.2,7.34,97.0
3.30,2.2,7.34,97.0
3.31,2.2,7.34,97.0
3.31,2.2,7.34,97.0
3.31,2.2,7.34,97.0
3.32,2.2,7.41,97.0
3.32,2.2,7.41,97.0
3.32,2.2,7.41,97.0
3.33,2.2,7.41,97.0
3.33,2.2,7.41,97.0
3.33,2.2,7.41,97.0
3.33,2.2,7.41,97.0
3.34,2.2,7.48,97.0
3.34,2.2,7.48,97.0
3.34,2.2,7.48,97.0
3.35,2.2,7.48,97.0
3.35,2.2,7.48,97.0
3.35,2.2,7.48,97.0
3.35,2.2,7.48,97.0
3.36,2.2,7.55,97.0
3.36,2.2,7.55,97.0
3.36,2.2,7.55,97.0
3.37,2.2,7.55,97.0
3.37,2.2,7.55,97.0
3.37,2.2,7.55,97.0
3.37,2.2,7.55,97.0
3.38,2.2,7.62,97.0
3.38,2.2,7.62,97.0
3.38,2.2,7.62,97.0
3.38,2.2,7.62,97.0
3.39,2.2,7.62,97.0
3.39,2.2,7.62,97.0
3.39,2.2,7.62,97.0
3.40,2.2,7.68,97.0
3.40,2.2,7.68,97.0
3.40,2.2,7.68,97.0
3.41,2.2,7.68,97.0
3.41,2.2,7.68,97.0
3.41,2.2,7.68,97.0
3.41,2.2,7.68,97.0
3.42,2.2,7.75,97.0
3.42,2.2,7.75,97.0
3.42,2.2,7.75,97.0
3.42,2.2,7.75,97.0
3.43,2.2,7.75,97.0
3.43,2.2,7.75,97.0
3.43,2.2,7.75,97.0
3.44,2.2,7.81,97.0
3.44,2.2,7.81,97.0
3.44,2.2,7.81,97.0
3.45,2.2,7.81,97.0
3.45,2.2,7.81,97.0
3.45,2.2,7.81,97.0
3.45,2.2,7.81,97.0
3.46,2.2,7.87,97.0
3.46,2.2,7.87,97.0
3.46,2.2,7.87,97.0
3.47,2.2,7.87,97.0
3.47,2.2,7.87,97.0
3.47,2.2,7.87,97.0
3.48,2.2,7.93,97.0
3.48,2.2,7.93,97.0
3.48,2.2,7.93,97.0
3.48,2.2,7.93,97.0
3.49,2.2,7.93,97.0
3.49,2.2,7.93,97.0
3.49,2.2,7.93,97.0
3.50,2.2,7.98,97.0
3.50,2.2,7.98,97.0
3.50,2.2,7.98,97.0
3.50,2.2,7.98,97.0
3.51,2.2,7.98,97.0
3.51,2.2,7.98,97.0
3.51,2.2,7.98,97.0
3.52,2.2,8.04,97.0
3.52,2.2,8.04,97.0
3.52,2.2,8.04,97.0
3.52,2.2,8.04,97.0
3.53,2.2,8.04,97.0
3.53,2.2,8.04,97.0
3.53,2.2,8.04,97.0
3.54,2.2,8.09,97.0
3.54,2.2,8.09,97.0
3.54,2.2,8.09,97.0
3.55,2.2,8.09,97.0
3.55,2.2,8.09,97.0
3.55,2.2,8.09,97.0
3.56,2.2,8.15,97.0
3.56,2.2,8.15,97.0
3.56,2.2,8.15,97.0
3.57,2.2,8.15,97.0
3.57,2.2,8.15,97.0
3.57,2.2,8.15,97.0
3.58,2.2,8.20,97.0
3.58,2.2,8.20,97.0
3.58,2.2,8.20,97.0
3.58,2.2,8.20,97.0
3.59,2.2,8.20,97.0
3.59,2.2,8.20,97.0
3.59,2.2,8.20,97.0
3.60,2.2,8.24,97.0
3.60,2.2,8.24,97.0
3.60,2.2,8.24,97.0
3.61,2.2,8.24,97.0
3.61,2.2,8.24,97.0
3.61,2.2,8.24,97.0
3.61,2.2,8.24,97.0
3.62,2.2,8.29,97.0
3.62,2.2,8.29,97.0
3.62,2.2,8.29,97.0
3.63,2.2,8.29,97.0
3.63,2.2,8.29,97.0
3.63,2.2,8.29,97.0
3.63,2.2,8.29,97.0
3.64,2.2,8.34,97.0
3.64,2.2,8.34,97.0
3.64,2.2,8.34,97.0
3.65,2.2,8.34,97.0
3.65,2.2,8.34,97.0
3.65,2.2,8.34,97.0
3.65,2.2,8.34,97.0
3.66,2.2,8.38,97.0
3.66,2.2,8.38,97.0
3.66,2.2,8.38,97.0
3.67,2.2,8.38,97.0
3.67,2.2,8.38,97.0
3.67,2.2,8.38,97.0
3.67,2.2,8.38,97.0
3.68,2.2,8.42,97.0
3.68,2.2,8.42,97.0
3.69,2.2,8.42,97.0
3.69,2.2,8.42,97.0
3.69,2.2,8.42,97.0
3.69,2.2,8.42,97.0
3.70,2.2,8.46,97.0
3.70,2.2,8.46,97.0
3.70,2.2,8.46,97.0
3.70,2.2,8.46,97.0
3.71,2.2,8.46,97.0
3.71,2.2,8.46,97.0
3.71,2.2,8.46,97.0
3.72,2.2,8.50,97.0
3.72,2.2,8.50,97.0
3.72,2.2,8.50,97.0
3.72,2.2,8.50,97.0
3.73,2.2,8.50,97.0
3.73,2.2,8.50,97.0
3.73,2.2,8.50,97.0
3.74,2.2,8.54,97.0
3.74,2.2,8.54,97.0
3.74,2.2,8.54,97.0
3.75,2.2,8.54,97.0
3.75,2.2,8.54,97.0
3.75,2.2,8.54,97.0
3.75,2.2,8.54,97.0
3.76,2.2,8.58,97.0
3.76,2.2,8.58,97.0
3.76,2.2,8.58,97.0
3.77,2.2,8.58,97.0
3.77,2.2,8.58,97.0
3.77,2.2,8.58,97.0
3.78,2.2,8.61,97.0
3.78,2.2,8.61,97.0
3.78,2.2,8.61,97.0
3.78,2.2,8.61,97.0
3.79,2.2,8.61,97.0
3.79,2.2,8.61,97.0
3.79,2.2,8.61,97.0
3.80,2.2,8.65,97.0
3.80,2.2,8.65,97.0
3.80,2.2,8.65,97.0
3.81,2.2,8.65,97.0
3.81,2.2,8.65,97.0
3.81,2.2,8.65,97.0
3.81,2.2,8.65,97.0
3.82,2.2,8.68,97.0
3.82,2.2,8.68,97.0
3.82,2.2,8.68,97.0
3.83,2.2,8.68,97.0
3.83,2.2,8.68,97.0
3.83,2.2,8.68,97.0
3.83,2.2,8.68,97.0
3.84,2.2,8.71,97.0
3.84,2.2,8.71,97.0
3.84,2.2,8.71,97.0
3.84,2.2,8.71,97.0
3.85,2.2,8.71,97.0
3.85,2.2,8.71,97.0
3.85,2.2,8.71,97.0
3.85,2.2,8.71,97.0
3.86,2.2,8.74,97.0
3.86,2.2,8.74,97.0
3.86,2.2,8.74,97.0
3.86,2.2,8.74,97.0
3.87,2.2,8.74,97.0
3.87,2.2,8.74,97.0
3.87,2.2,8.74,97.0
3.87,2.2,8.74,97.0
3.88,2.2,8.77,97.0
3.89,2.2,8.77,97.0
3.90,2.2,8.80,97.0
3.90,2.2,8.80,97.0
3.90,2.2,8.80,97.0
3.91,2.2,8.80,97.0
3.91,2.2,8.80,97.0
3.91,2.2,8.80,97.0
3.92,2.2,8.83,97.0
3.92,2.2,8.83,97.0
3.92,2.2,8.83,97.0
3.93,2.2,8.83,97.0
3.93,2.2,8.83,97.0
3.93,2.2,8.83,97.0
3.94,2.2,8.85,97.0
3.94,2.2,8.85,97.0
3.94,2.2,8.85,97.0
3.95,2.2,8.85,97.0
3.95,2.2,8.85,97.0
3.95,2.2,8.85,97.0
3.96,2.2,8.88,97.0
3.96,2.2,8.88,97.0
3.96,2.2,8.88,97.0
3.97,2.2,8.88,97.0
3.97,2.2,8.88,97.0
3.97,2.2,8.88,97.0
3.98,2.2,8.90,97.0
3.98,2.2,8.90,97.0
3.98,2.2,8.90,97.0
3.99,2.2,8.90,97.0
3.99,2.2,8.90,97.0
3.99,2.2,8.90,97.0
4.00,2.2,8.93,97.0
4.00,2.2,8.93,97.0
4.00,2.2,8.93,97.0
4.01,2.2,8.93,97.0
4.01,2.2,8.93,97.0
4.01,2.2,8.93,97.0
4.02,2.2,8.95,97.0
4.02,2.2,8.95,97.0
4.02,2.2,8.95,97.0
4.02,2.2,8.95,97.0
4.03,2.2,8.95,97.0
4.03,2.2,8.95,97.0
4.03,2.2,8.95,97.0
4.03,2.2,8.95,97.0
4.04,2.2,8.97,97.0
4.04,2.2,8.97,97.0
4.04,2.2,8.97,97.0
4.05,2.2,8.97,97.0
4.05,2.2,8.97,97.0
4.05,2.2,8.97,97.0
4.05,2.2,8.97,97.0
4.06,2.2,8.99,97.0
4.06,2.2,8.99,97.0
4.06,2.2,8.99,97.0
4.07,2.2,8.99,97.0
4.07,2.2,8.99,97.0
4.07,2.2,8.99,97.0
4.08,2.2,9.01,97.0
4.08,2.2,9.01,97.0
4.08,2.2,9.01,97.0
4.09,2.2,9.01,97.0
4.09,2.2,9.01,97.0
4.09,2.2,9.01,97.0
4.09,2.2,9.01,97.0
4.10,2.2,9.03,97.0
4.10,2.2,9.03,97.0
4.10,2.2,9.03,97.0
4.11,2.2,9.03,97.0
4.11,2.2,9.03,97.0
4.11,2.2,9.03,97.0
4.11,2.2,9.03,97.0
4.12,2.2,9.05,97.0
4.12,2.2,9.05,97.0
4.12,2.2,9.05,97.0
4.12,2.2,9.05,97.0
4.13,2.2,9.05,97.0
4.13,2.2,9.05,97.0
4.13,2.2,9.05,97.0
4.14,2.2,9.07,97.0
4.14,2.2,9.07,97.0
4.14,2.2,9.07,97.0
4.14,2.2,9.07,97.0
4.15,2.2,9.07,97.0
4.15,2.2,9.07,97.0
4.15,2.2,9.07,97.0
4.16,2.2,8.90,97.0
4.16,2.2,8.90,97.0
4.16,2.2,8.90,97.0
4.17,2.2,8.90,97.0
4.17,2.2,8.90,97.0
4.17,2.2,8.90,97.0
4.17,2.2,8.90,97.0
4.18,2.2,8.58,97.0
4.18,2.2,8.58,97.0
4.18,2.2,8.58,97.0
4.18,2.2,8.58,97.0
4.19,2.2,8.58,97.0
4.19,2.2,8.58,97.0
4.19,2.2,8.58,97.0
4.19,2.2,8.58,97.0
4.20,2.2,8.29,97.0
4.20,2.2,8.29,97.0
4.20,2.2,8.29,97.0
4.20,2.2,8.29,97.0
4.21,2.2,8.29,97.0
4.21,2.2,8.29,97.0
4.21,2.2,8.29,97.0
4.21,2.2,8.29,97.0
4.22,2.2,8.02,97.0
4.22,2.2,8.02,97.0
4.22,2.2,8.02,97.0
4.22,2.2,8.02,97.0
4.23,2.2,8.02,97.0
4.23,2.2,8.02,97.0
4.23,2.2,8.02,97.0
4.23,2.2,8.02,97.0
4.24,2.2,7.78,97.0
4.24,2.2,7.78,97.0
4.24,2.2,7.78,97.0
4.24,2.2,7.78,97.0
4.25,2.2,7.78,97.0
4.25,2.2,7.78,97.0
4.25,2.2,7.78,97.0
4.26,2.2,7.57,97.0
4.26,2.2,7.57,97.0
4.26,2.2,7.57,97.0
4.27,2.2,7.57,97.0
4.27,2.2,7.57,97.0
4.27,2.2,7.57,97.0
4.28,2.2,7.39,97.0
4.28,2.2,7.39,97.0
4.28,2.2,7.39,97.0
4.29,2.2,7.39,97.0
4.29,2.2,7.39,97.0
4.29,2.2,7.39,97.0
4.29,2.2,7.39,97.0
4.30,2.2,7.23,97.0
4.30,2.2,7.23,97.0
4.30,2.2,7.23,97.0
4.31,2.2,7.23,97.0
4.31,2.2,7.23,97.0
4.31,2.2,7.23,97.0
4.31,2.2,7.23,97.0
4.31,2.2,7.10,97.0
4.32,2.2,7.10,97.0
4.32,2.2,7.10,97.0
4.32,2.2,7.10,97.0
4.33,2.2,7.10,97.0
4.33,2.2,7.10,97.0
4.33,2.2,7.10,97.0
4.33,2.2,7.10,97.0
4.34,2.2,6.99,97.0
4.34,2.2,6.99,97.0
4.34,2.2,6.99,97.0
4.34,2.2,6.99,97.0
4.35,2.2,6.99,97.0
4.35,2.2,6.99,97.0
4.35,2.2,6.99,97.0
4.35,2.2,6.99,97.0
4.36,2.2,6.89,97.0
4.36,2.2,6.89,97.0
4.36,2.2,6.89,97.0
4.37,2.2,6.89,97.0
4.37,2.2,6.89,97.0
4.37,2.2,6.89,97.0
4.37,2.2,6.89,97.0
4.38,2.2,6.82,97.0
4.38,2.2,6.82,97.0
4.38,2.2,6.82,97.0
4.39,2.2,6.82,97.0
4.39,2.2,6.82,97.0
4.39,2.2,6.82,97.0
4.39,2.2,6.82,97.0
4.40,2.2,6.77,97.0
4.40,2.2,6.77,97.0
4.40,2.2,6.77,97.0
4.41,2.2,6.77,97.0
4.41,2.2,6.77,97.0
4.41,2.2,6.77,97.0
4.42,2.2,6.73,97.0
4.42,2.2,6.73,97.0
4.42,2.2,6.73,97.0
4.42,2.2,6.73,97.0
4.43,2.2,6.73,97.0
4.43,2.2,6.73,97.0
4.43,2.2,6.73,97.0
4.43,2.2,6.73,97.0
4.44,2.2,6.71,97.0
4.44,2.2,6.71,97.0
4.44,2.2,6.71,97.0
4.45,2.2,6.71,97.0
4.45,2.2,6.71,97.0
4.45,2.2,6.71,97.0
4.45,2.2,6.71,97.0
4.46,2.2,6.70,97.0
4.46,2.2,6.70,97.0
4.46,2.2,6.70,97.0
4.47,2.2,6.70,97.0
4.47,2.2,6.70,97.0
4.47,2.2,6.70,97.0
4.48,2.2,6.70,97.0
4.48,2.2,6.70,97.0
4.48,2.2,6.70,97.0
4.49,2.2,6.70,97.0
4.49,2.2,6.70,97.0
4.49,2.2,6.70,97.0
4.50,2.2,6.71,97.0
4.50,2.2,6.71,97.0
4.50,2.2,6.71,97.0
4.51,2.2,6.71,97.0
4.51,2.2,6.71,97.0
4.51,2.2,6.71,97.0
4.51,2.2,6.71,97.0
4.52,2.2,6.73,97.0
4.52,2.2,6.73,97.0
4.52,2.2,6.73,97.0
4.52,2.2,6.73,97.0
4.53,2.2,6.73,97.0
4.53,2.2,6.73,97.0
4.53,2.2,6.73,97.0
4.54,2.2,6.76,97.0
4.54,2.2,6.76,97.0
4.54,2.2,6.76,97.0
4.54,2.2,6.76,97.0
4.55,2.2,6.76,97.0
4.55,2.2,6.76,97.0
4.55,2.2,6.76,97.0
4.55,2.2,6.76,97.0
4.56,2.2,6.80,97.0
4.56,2.2,6.80,97.0
4.56,2.2,6.80,97.0
4.57,2.2,6.80,97.0
4.57,2.2,6.80,97.0
4.57,2.2,6.80,97.0
4.58,2.2,6.84,97.0
4.58,2.2,6.84,97.0
4.58,2.2,6.84,97.0
4.59,2.2,6.84,97.0
4.59,2.2,6.84,97.0
4.59,2.2,6.84,97.0
4.59,2.2,6.84,97.0
4.60,2.2,6.89,97.0
4.60,2.2,6.89,97.0
4.60,2.2,6.89,97.0
4.61,2.2,6.89,97.0
4.61,2.2,6.89,97.0
4.61,2.2,6.89,97.0
4.62,2.2,6.94,97.0
4.62,2.2,6.94,97.0
4.62,2.2,6.94,97.0
4.62,2.2,6.94,97.0
4.63,2.2,6.94,97.0
4.63,2.2,6.94,97.0
4.63,2.2,6.94,97.0
4.64,2.2,6.99,97.0
4.64,2.2,6.99,97.0
4.64,2.2,6.99,97.0
4.65,2.2,6.99,97.0
4.65,2.2,6.99,97.0
4.65,2.2,6.99,97.0
4.65,2.2,6.99,97.0
4.66,2.2,7.05,97.0
4.66,2.2,7.05,97.0
4.66,2.2,7.05,97.0
4.67,2.2,7.05,97.0
4.67,2.2,7.05,97.0
4.67,2.2,7.05,97.0
4.67,2.2,7.05,97.0
4.67,2.2,7.05,97.0
4.68,2.2,7.11,97.0
4.68,2.2,7.11,97.0
4.68,2.2,7.11,97.0
4.69,2.2,7.11,97.0
4.69,2.2,7.11,97.0
4.69,2.2,7.11,97.0
4.69,2.2,7.11,97.0
4.70,2.2,7.17,97.0
4.70,2.2,7.17,97.0
4.70,2.2,7.17,97.0
4.70,2.2,7.17,97.0
4.71,2.2,7.17,97.0
4.71,2.2,7.17,97.0
4.71,2.2,7.17,97.0
4.71,2.2,7.17,97.0
4.72,2.2,7.23,97.0
4.72,2.2,7.23,97.0
4.72,2.2,7.23,97.0
4.72,2.2,7.23,97.0
4.73,2.2,7.23,97.0
4.73,2.2,7.23,97.0
4.73,2.2,7.23,97.0
4.73,2.2,7.23,97.0
4.74,2.2,7.04,97.0
4.74,2.2,7.04,97.0
4.74,2.2,7.04,97.0
4.74,2.2,7.04,97.0
4.75,2.2,7.04,97.0
4.75,2.2,7.04,97.0
4.75,2.2,7.04,97.0
4.76,2.2,6.88,97.0
4.76,2.2,6.88,97.0
4.76,2.2,6.88,97.0
4.76,2.2,6.88,97.0
4.77,2.2,6.88,97.0
4.77,2.2,6.88,97.0
4.77,2.2,6.88,97.0
4.77,2.2,6.88,97.0
4.78,2.2,6.72,97.0
4.78,2.2,6.72,97.0
4.78,2.2,6.72,97.0
4.78,2.2,6.72,97.0
4.79,2.2,6.72,97.0
4.79,2.2,6.72,97.0
4.79,2.2,6.72,97.0
4.79,2.2,6.72,97.0
4.80,2.2,6.58,97.0
4.80,2.2,6.58,97.0
4.80,2.2,6.58,97.0
4.80,2.2,6.58,97.0
4.81,2.2,6.58,97.0
4.81,2.2,6.58,97.0
4.81,2.2,6.58,97.0
4.82,2.2,6.46,97.0
4.82,2.2,6.46,97.0
4.82,2.2,6.46,97.0
4.82,2.2,6.46,97.0
4.83,2.2,6.46,97.0
4.83,2.2,6.46,97.0
4.83,2.2,6.46,97.0
4.84,2.2,6.35,97.0
4.84,2.2,6.35,97.0
4.84,2.2,6.35,97.0
4.84,2.2,6.35,97.0
4.85,2.2,6.35,97.0
4.85,2.2,6.35,97.0
4.85,2.2,6.35,97.0
4.85,2.2,6.35,97.0
4.86,2.2,6.25,97.0
4.86,2.2,6.25,97.0
4.86,2.2,6.25,97.0
4.86,2.2,6.25,97.0
4.87,2.2,6.25,97.0
4.87,2.2,6.25,97.0
4.87,2.2,6.25,97.0
4.87,2.2,6.25,97.0
4.88,2.2,6.16,97.0
4.88,2.2,6.16,97.0
4.88,2.2,6.16,97.0
4.88,2.2,6.16,97.0
4.88,2.2,6.16,97.0
4.89,2.2,6.16,97.0
4.89,2.2,6.16,97.0
4.89,2.2,6.16,97.0
4.89,2.2,6.16,97.0
4.90,2.2,6.09,97.0
4.90,2.2,6.09,97.0
4.90,2.2,6.09,97.0
4.90,2.2,6.09,97.0
4.91,2.2,6.09,97.0
4.91,2.2,6.09,97.0
4.91,2.2,6.09,97.0
4.91,2.2,6.09,97.0
4.92,2.2,6.02,97.0
4.92,2.2,6.02,97.0
4.92,2.2,6.02,97.0
4.92,2.2,6.02,97.0
4.93,2.2,6.02,97.0
4.93,2.2,6.02,97.0
4.93,2.2,6.02,97.0
4.93,2.2,6.02,97.0
4.93,2.2,6.02,97.0
4.94,2.2,5.96,97.0
4.94,2.2,5.96,97.0
4.94,2.2,5.96,97.0
4.94,2.2,5.96,97.0
4.95,2.2,5.96,97.0
4.95,2.2,5.96,97.0
4.95,2.2,5.96,97.0
4.95,2.2,5.96,97.0
4.96,2.2,5.92,97.0
4.96,2.2,5.92,97.0
4.96,2.2,5.92,97.0
4.96,2.2,5.92,97.0
4.97,2.2,5.92,97.0
4.97,2.2,5.92,97.0
4.97,2.2,5.92,97.0
4.97,2.2,5.92,97.0
4.98,2.2,5.87,97.0
4.98,2.2,5.87,97.0
4.98,2.2,5.87,97.0
4.98,2.2,5.87,97.0
4.99,2.2,5.87,97.0
4.99,2.2,5.87,97.0
4.99,2.2,5.87,97.0
4.99,2.2,5.87,97.0
5.00,2.2,5.84,97.0
5.00,2.2,5.84,97.0
5.00,2.2,5.84,97.0
5.01,2.2,5.84,97.0
5.01,2.2,5.84,97.0
5.01,2.2,5.84,97.0
5.01,2.2,5.84,97.0
5.02,2.2,5.82,97.0
5.02,2.2,5.82,97.0
5.02,2.2,5.82,97.0
5.03,2.2,5.82,97.0
5.03,2.2,5.82,97.0
5.03,2.2,5.82,97.0
5.03,2.2,5.82,97.0
5.03,2.2,5.82,97.0
5.04,2.2,5.80,97.0
5.04,2.2,5.80,97.0
5.04,2.2,5.80,97.0
5.05,2.2,5.80,97.0
5.05,2.2,5.80,97.0
5.05,2.2,5.80,97.0
5.06,2.2,5.78,97.0
5.06,2.2,5.78,97.0
5.06,2.2,5.78,97.0
5.06,2.2,5.78,97.0
5.07,2.2,5.78,97.0
5.07,2.2,5.78,97.0
5.07,2.2,5.78,97.0
5.07,2.2,5.78,97.0
5.08,2.2,5.77,97.0
5.08,2.2,5.77,97.0
5.08,2.2,5.77,97.0
5.08,2.2,5.77,97.0
5.09,2.2,5.77,97.0
5.09,2.2,5.77,97.0
5.09,2.2,5.77,97.0
5.09,2.2,5.77,97.0
5.09,2.2,5.77,97.0
5.10,2.2,5.76,97.0
5.10,2.2,5.76,97.0
5.10,2.2,5.76,97.0
5.10,2.2,5.76,97.0
5.11,2.2,5.76,97.0
5.11,2.2,5.76,97.0
5.11,2.2,5.76,97.0
5.12,2.2,5.76,97.0
5.12,2.2,5.76,97.0
5.12,2.2,5.76,97.0
5.12,2.2,5.76,97.0
5.12,2.2,5.76,97.0
5.13,2.2,5.76,97.0
5.13,2.2,5.76,97.0
5.13,2.2,5.76,97.0
5.13,2.2,5.76,97.0
5.14,2.2,5.76,97.0
5.14,2.2,5.76,97.0
5.14,2.2,5.76,97.0
5.14,2.2,5.76,97.0
5.15,2.2,5.76,97.0
5.15,2.2,5.76,97.0
5.15,2.2,5.76,97.0
5.15,2.2,5.76,97.0
5.16,2.2,5.77,97.0
5.16,2.2,5.77,97.0
5.16,2.2,5.77,97.0
5.17,2.2,5.77,97.0
5.17,2.2,5.77,97.0
5.17,2.2,5.77,97.0
5.17,2.2,5.77,97.0
5.18,2.2,5.78,97.0
5.18,2.2,5.78,97.0
5.18,2.2,5.78,97.0
5.18,2.2,5.78,97.0
5.19,2.2,5.78,97.0
5.19,2.2,5.78,97.0
5.19,2.2,5.78,97.0
5.19,2.2,5.78,97.0
5.20,2.2,5.79,97.0
5.20,2.2,5.79,97.0
5.20,2.2,5.79,97.0
5.20,2.2,5.79,97.0
5.21,2.2,5.79,97.0
5.21,2.2,5.79,97.0
5.21,2.2,5.79,97.0
5.21,2.2,5.79,97.0
5.22,2.2,5.80,97.0
5.22,2.2,5.80,97.0
5.22,2.2,5.80,97.0
5.22,2.2,5.80,97.0
5.23,2.2,5.80,97.0
5.23,2.2,5.80,97.0
5.23,2.2,5.80,97.0
5.23,2.2,5.80,97.0
5.24,2.2,5.81,97.0
5.24,2.2,5.81,97.0
5.24,2.2,5.81,97.0
5.24,2.2,5.81,97.0
5.24,2.2,5.81,97.0
5.25,2.2,5.81,97.0
5.25,2.2,5.81,97.0
5.25,2.2,5.81,97.0
5.25,2.2,5.81,97.0
5.26,2.2,5.83,97.0
5.26,2.2,5.83,97.0
5.26,2.2,5.83,97.0
5.26,2.2,5.83,97.0
5.27,2.2,5.83,97.0
5.27,2.2,5.83,97.0
5.27,2.2,5.83,97.0
5.27,2.2,5.83,97.0
5.28,2.2,5.84,97.0
5.28,2.2,5.84,97.0
5.28,2.2,5.84,97.0
5.28,2.2,5.84,97.0
5.29,2.2,5.84,97.0
5.29,2.2,5.84,97.0
5.29,2.2,5.84,97.0
5.29,2.2,5.84,97.0
5.30,2.2,5.86,97.0
5.30,2.2,5.86,97.0
5.30,2.2,5.86,97.0
5.30,2.2,5.86,97.0
5.31,2.2,5.86,97.0
5.31,2.2,5.86,97.0
5.31,2.2,5.86,97.0
5.31,2.2,5.86,97.0
5.32,2.2,5.88,97.0
5.32,2.2,5.88,97.0
5.32,2.2,5.88,97.0
5.32,2.2,5.88,97.0
5.33,2.2,5.88,97.0
5.33,2.2,5.88,97.0
5.33,2.2,5.88,97.0
5.33,2.2,5.88,97.0
5.34,2.2,5.90,97.0
5.34,2.2,5.90,97.0
5.34,2.2,5.90,97.0
5.34,2.2,5.90,97.0
5.35,2.2,5.90,97.0
5.35,2.2,5.90,97.0
5.35,2.2,5.90,97.0
5.35,2.2,5.90,97.0
5.36,2.2,5.92,97.0
5.36,2.2,5.92,97.0
5.36,2.2,5.92,97.0
5.36,2.2,5.92,97.0
5.37,2.2,5.92,97.0
5.37,2.2,5.92,97.0
5.37,2.2,5.92,97.0
5.37,2.2,5.92,97.0
5.38,2.2,5.94,97.0
5.38,2.2,5.94,97.0
5.38,2.2,5.94,97.0
5.38,2.2,5.94,97.0
5.39,2.2,5.94,97.0
5.39,2.2,5.94,97.0
5.39,2.2,5.94,97.0
5.39,2.2,5.94,97.0
5.39,2.2,5.96,97.0
5.40,2.2,5.96,97.0
5.40,2.2,5.96,97.0
5.40,2.2,5.96,97.0
5.41,2.2,5.96,97.0
5.41,2.2,5.96,97.0
5.41,2.2,5.96,97.0
5.41,2.2,5.96,97.0
5.42,2.2,5.98,97.0
5.42,2.2,5.98,97.0
5.42,2.2,5.98,97.0
5.42,2.2,5.98,97.0
5.43,2.2,5.98,97.0
5.43,2.2,5.98,97.0
5.43,2.2,5.98,97.0
5.43,2.2,5.98,97.0
5.43,2.2,6.00,97.0
5.44,2.2,6.00,97.0
5.44,2.2,6.00,97.0
5.44,2.2,6.00,97.0
5.44,2.2,6.00,97.0
5.45,2.2,6.00,97.0
5.45,2.2,6.00,97.0
5.45,2.2,6.00,97.0
5.45,2.2,6.00,97.0
5.46,2.2,6.02,97.0
5.46,2.2,6.02,97.0
5.46,2.2,6.02,97.0
5.46,2.2,6.02,97.0
5.47,2.2,6.02,97.0
5.47,2.2,6.02,97.0
5.47,2.2,6.02,97.0
5.47,2.2,6.02,97.0
5.48,2.2,6.04,97.0
5.48,2.2,6.04,97.0
5.48,2.2,6.04,97.0
5.48,2.2,6.04,97.0
5.49,2.2,6.04,97.0
5.49,2.2,6.04,97.0
5.49,2.2,6.04,97.0
5.49,2.2,6.04,97.0
5.50,2.2,6.06,97.0
5.50,2.2,6.06,97.0
5.51,2.2,6.06,97.0
5.51,2.2,6.06,97.0
5.51,2.2,6.06,97.0
5.51,2.2,6.06,97.0
5.52,2.2,6.08,97.0
5.52,2.2,6.08,97.0
5.52,2.2,6.08,97.0
5.52,2.2,6.08,97.0
5.52,2.2,6.08,97.0
5.53,2.2,6.08,97.0
5.53,2.2,6.08,97.0
5.53,2.2,6.08,97.0
5.53,2.2,6.08,97.0
5.54,2.2,6.10,97.0
5.54,2.2,6.10,97.0
5.54,2.2,6.10,97.0
5.54,2.2,6.10,97.0
5.55,2.2,6.10,97.0
5.55,2.2,6.10,97.0
5.55,2.2,6.10,97.0
5.55,2.2,6.10,97.0
5.56,2.2,6.12,97.0
5.56,2.2,6.12,97.0
5.56,2.2,6.12,97.0
5.56,2.2,6.12,97.0
5.57,2.2,6.12,97.0
5.57,2.2,6.12,97.0
5.57,2.2,6.12,97.0
5.57,2.2,6.12,97.0
5.58,2.2,6.14,97.0
5.58,2.2,6.14,97.0
5.58,2.2,6.14,97.0
5.58,2.2,6.14,97.0
5.59,2.2,6.14,97.0
5.59,2.2,6.14,97.0
5.59,2.2,6.14,97.0
5.59,2.2,6.14,97.0
5.60,2.2,6.15,97.0
5.60,2.2,6.15,97.0
5.60,2.2,6.15,97.0
5.60,2.2,6.15,97.0
5.61,2.2,6.15,97.0
5.61,2.2,6.15,97.0
5.61,2.2,6.15,97.0
5.61,2.2,6.15,97.0
5.61,2.2,6.15,97.0
5.62,2.2,6.17,97.0
5.62,2.2,6.17,97.0
5.62,2.2,6.17,97.0
5.62,2.2,6.17,97.0
5.63,2.2,6.17,97.0
5.63,2.2,6.17,97.0
5.63,2.2,6.17,97.0
5.63,2.2,6.17,97.0
5.64,2.2,6.19,97.0
5.64,2.2,6.19,97.0
5.64,2.2,6.19,97.0
5.64,2.2,6.19,97.0
5.65,2.2,6.19,97.0
5.65,2.2,6.19,97.0
5.65,2.2,6.19,97.0
5.65,2.2,6.19,97.0
5.66,2.2,6.21,97.0
5.66,2.2,6.21,97.0
5.66,2.2,6.21,97.0
5.66,2.2,6.21,97.0
5.67,2.2,6.21,97.0
5.67,2.2,6.21,97.0
5.67,2.2,6.21,97.0
5.67,2.2,6.21,97.0
5.68,2.2,6.23,97.0
5.68,2.2,6.23,97.0
5.68,2.2,6.23,97.0
5.68,2.2,6.23,97.0
5.69,2.2,6.23,97.0
5.69,2.2,6.23,97.0
5.69,2.2,6.23,97.0
5.69,2.2,6.23,97.0
5.70,2.2,6.24,97.0
5.70,2.2,6.24,97.0
5.70,2.2,6.24,97.0
5.70,2.2,6.24,97.0
5.71,2.2,6.24,97.0
5.71,2.2,6.24,97.0
5.71,2.2,6.24,97.0
5.71,2.2,6.24,97.0
5.72,2.2,6.26,97.0
5.72,2.2,6.26,97.0
5.72,2.2,6.26,97.0
5.72,2.2,6.26,97.0
5.73,2.2,6.26,97.0
5.73,2.2,6.26,97.0
5.73,2.2,6.26,97.0
5.73,2.2,6.26,97.0
5.74,2.2,6.27,97.0
5.74,2.2,6.27,97.0
5.74,2.2,6.27,97.0
5.74,2.2,6.27,97.0
5.75,2.2,6.27,97.0
5.75,2.2,6.27,97.0
5.75,2.2,6.27,97.0
5.75,2.2,6.27,97.0
5.76,2.2,6.29,97.0
5.76,2.2,6.29,97.0
5.76,2.2,6.29,97.0
5.76,2.2,6.29,97.0
5.77,2.2,6.29,97.0
5.77,2.2,6.29,97.0
5.77,2.2,6.29,97.0
5.77,2.2,6.29,97.0
5.77,2.2,6.29,97.0
5.78,2.2,6.31,97.0
5.78,2.2,6.31,97.0
5.78,2.2,6.31,97.0
5.78,2.2,6.31,97.0
5.79,2.2,6.31,97.0
5.79,2.2,6.31,97.0
5.79,2.2,6.31,97.0
5.79,2.2,6.31,97.0
5.80,2.2,6.32,97.0
5.80,2.2,6.32,97.0
5.80,2.2,6.32,97.0
5.80,2.2,6.32,97.0
5.81,2.2,6.32,97.0
5.81,2.2,6.32,97.0
5.81,2.2,6.32,97.0
5.81,2.2,6.32,97.0
5.82,2.2,6.33,97.0
5.82,2.2,6.33,97.0
5.82,2.2,6.33,97.0
5.82,2.2,6.33,97.0
5.83,2.2,6.33,97.0
5.83,2.2,6.33,97.0
5.83,2.2,6.33,97.0
5.83,2.2,6.33,97.0
5.84,2.2,6.35,97.0
5.84,2.2,6.35,97.0
5.84,2.2,6.35,97.0
5.85,2.2,6.35,97.0
5.85,2.2,6.35,97.0
5.85,2.2,6.35,97.0
5.85,2.2,6.35,97.0
5.85,2.2,6.35,97.0
5.86,2.2,6.36,97.0
5.86,2.2,6.36,97.0
5.86,2.2,6.36,97.0
5.86,2.2,6.36,97.0
5.87,2.2,6.36,97.0
5.87,2.2,6.36,97.0
5.87,2.2,6.36,97.0
5.87,2.2,6.36,97.0
5.88,2.2,6.37,97.0
5.88,2.2,6.37,97.0
5.88,2.2,6.37,97.0
5.88,2.2,6.37,97.0
5.89,2.2,6.37,97.0
5.89,2.2,6.37,97.0
5.89,2.2,6.37,97.0
5.89,2.2,6.37,97.0
5.90,2.2,6.39,97.0
5.90,2.2,6.39,97.0
5.90,2.2,6.39,97.0
5.90,2.2,6.39,97.0
5.91,2.2,6.39,97.0
5.91,2.2,6.39,97.0
5.91,2.2,6.39,97.0
5.91,2.2,6.39,97.0
5.92,2.2,6.40,97.0
5.92,2.2,6.40,97.0
5.92,2.2,6.40,97.0
5.92,2.2,6.40,97.0
5.93,2.2,6.40,97.0
5.93,2.2,6.40,97.0
5.93,2.2,6.40,97.0
5.93,2.2,6.40,97.0
5.94,2.2,6.41,97.0
5.94,2.2,6.41,97.0
5.94,2.2,6.41,97.0
5.94,2.2,6.41,97.0
5.95,2.2,6.41,97.0
5.95,2.2,6.41,97.0
5.95,2.2,6.41,97.0
5.95,2.2,6.41,97.0
5.96,2.2,6.45,97.0
5.96,2.2,6.45,97.0
5.96,2.2,6.45,97.0
5.96,2.2,6.45,97.0
5.97,2.2,6.45,97.0
5.97,2.2,6.45,97.0
5.97,2.2,6.45,97.0
5.97,2.2,6.45,97.0
5.98,2.2,6.50,97.0
5.98,2.2,6.50,97.0
5.98,2.2,6.50,97.0
5.99,2.2,6.50,97.0
5.99,2.2,6.50,97.0
5.99,2.2,6.50,97.0
5.99,2.2,6.50,97.0
6.00,2.2,6.55,97.0
6.00,2.2,6.55,97.0
6.00,2.2,6.55,97.0
6.01,2.2,6.55,97.0
6.01,2.2,6.55,97.0
6.01,2.2,6.55,97.0
6.01,2.2,6.55,97.0
6.02,2.2,6.34,97.0
6.02,2.2,6.34,97.0
6.02,2.2,6.34,97.0
6.02,2.2,6.34,97.0
6.03,2.2,6.34,97.0
6.03,2.2,6.34,97.0
6.03,2.2,6.34,97.0
6.04,2.2,6.16,97.0
6.04,2.2,6.16,97.0
6.04,2.2,6.16,97.0
6.04,2.2,6.16,97.0
6.05,2.2,6.16,97.0
6.05,2.2,6.16,97.0
6.05,2.2,6.16,97.0
6.05,2.2,6.16,97.0
6.06,2.2,5.99,97.0
6.06,2.2,5.99,97.0
6.06,2.2,5.99,97.0
6.06,2.2,5.99,97.0
6.07,2.2,5.99,97.0
6.07,2.2,5.99,97.0
6.07,2.2,5.99,97.0
6.07,2.2,5.99,97.0
6.08,2.2,5.84,97.0
6.08,2.2,5.84,97.0
6.08,2.2,5.84,97.0
6.08,2.2,5.84,97.0
6.09,2.2,5.84,97.0
6.09,2.2,5.84,97.0
6.09,2.2,5.84,97.0
6.09,2.2,5.84,97.0
6.09,2.2,5.84,97.0
6.10,2.2,5.71,97.0
6.10,2.2,5.71,97.0
6.10,2.2,5.71,97.0
6.10,2.2,5.71,97.0
6.11,2.2,5.71,97.0
6.11,2.2,5.71,97.0
6.11,2.2,5.71,97.0
6.12,2.2,5.59,97.0
6.12,2.2,5.59,97.0
6.12,2.2,5.59,97.0
6.12,2.2,5.59,97.0
6.13,2.2,5.59,97.0
6.13,2.2,5.59,97.0
6.13,2.2,5.59,97.0
6.14,2.2,5.49,97.0
6.14,2.2,5.49,97.0
6.14,2.2,5.49,97.0
6.15,2.2,5.49,97.0
6.15,2.2,5.49,97.0
6.15,2.2,5.49,97.0
6.16,2.2,5.41,97.0
6.16,2.2,5.41,97.0
6.16,2.2,5.41,97.0
6.16,2.2,5.41,97.0
6.17,2.2,5.41,97.0
6.17,2.2,5.41,97.0
6.17,2.2,5.41,97.0
6.17,2.2,5.41,97.0
6.18,2.2,5.11,97.0
6.18,2.2,5.11,97.0
6.18,2.2,5.11,97.0
6.19,2.2,5.11,97.0
6.19,2.2,5.11,97.0
6.19,2.2,5.11,97.0
6.19,2.2,5.11,97.0
6.20,2.2,4.86,97.0
6.20,2.2,4.86,97.0
6.20,2.2,4.86,97.0
6.21,2.2,4.86,97.0
6.21,2.2,4.86,97.0
6.21,2.2,4.86,97.0
6.22,2.2,4.64,97.0
6.22,2.2,4.64,97.0
6.22,2.2,4.64,97.0
6.23,2.2,4.64,97.0
6.23,2.2,4.64,97.0
6.23,2.2,4.64,97.0
6.23,2.2,4.64,97.0
6.24,2.2,4.47,97.0
6.24,2.2,4.47,97.0
6.24,2.2,4.47,97.0
6.25,2.2,4.47,97.0
6.25,2.2,4.47,97.0
6.25,2.2,4.47,97.0
6.25,2.2,4.47,97.0
6.26,2.2,4.33,97.0
6.26,2.2,4.33,97.0
6.26,2.2,4.33,97.0
6.26,2.2,4.33,97.0
6.27,2.2,4.33,97.0
6.27,2.2,4.33,97.0
6.27,2.2,4.33,97.0
6.27,2.2,4.33,97.0
6.28,2.2,4.24,97.0
6.28,2.2,4.24,97.0
6.28,2.2,4.24,97.0
6.29,2.2,4.24,97.0
6.29,2.2,4.24,97.0
6.29,2.2,4.24,97.0
6.29,2.2,4.24,97.0
6.29,2.2,4.24,97.0
6.30,2.2,4.18,97.0
6.30,2.2,4.18,97.0
6.30,2.2,4.18,97.0
6.30,2.2,4.18,97.0
6.31,2.2,4.18,97.0
6.31,2.2,4.18,97.0
6.31,2.2,4.18,97.0
6.31,2.2,4.18,97.0
6.32,2.2,4.15,97.0
6.32,2.2,4.15,97.0
6.32,2.2,4.15,97.0
6.32,2.2,4.15,97.0
6.33,2.2,4.15,97.0
6.33,2.2,4.15,97.0
6.33,2.2,4.15,97.0
6.33,2.2,4.15,97.0
6.34,2.2,4.16,97.0
6.34,2.2,4.16,97.0
6.34,2.2,4.16,97.0
6.35,2.2,4.16,97.0
6.35,2.2,4.16,97.0
6.35,2.2,4.16,97.0
6.35,2.2,4.16,97.0
6.36,2.2,4.19,97.0
6.36,2.2,4.19,97.0
6.36,2.2,4.19,97.0
6.37,2.2,4.19,97.0
6.37,2.2,4.19,97.0
6.37,2.2,4.19,97.0
6.37,2.2,4.19,97.0
6.38,2.2,4.24,97.0
6.38,2.2,4.24,97.0
6.38,2.2,4.24,97.0
6.38,2.2,4.24,97.0
6.39,2.2,4.24,97.0
6.39,2.2,4.24,97.0
6.39,2.2,4.24,97.0
6.40,2.2,4.32,97.0
6.40,2.2,4.32,97.0
6.40,2.2,4.32,97.0
6.41,2.2,4.32,97.0
6.41,2.2,4.32,97.0
6.41,2.2,4.32,97.0
6.41,2.2,4.32,97.0
6.42,2.2,4.41,97.0
6.42,2.2,4.41,97.0
6.42,2.2,4.41,97.0
6.43,2.2,4.41,97.0
6.43,2.2,4.41,97.0
6.43,2.2,4.41,97.0
6.43,2.2,4.41,97.0
6.44,2.2,4.51,97.0
6.44,2.2,4.51,97.0
6.44,2.2,4.51,97.0
6.45,2.2,4.51,97.0
6.45,2.2,4.51,97.0
6.45,2.2,4.51,97.0
6.46,2.2,4.62,97.0
6.46,2.2,4.62,97.0
6.46,2.2,4.62,97.0
6.46,2.2,4.62,97.0
6.47,2.2,4.62,97.0
6.47,2.2,4.62,97.0
6.47,2.2,4.62,97.0
6.47,2.2,4.62,97.0
6.48,2.2,4.74,97.0
6.48,2.2,4.74,97.0
6.48,2.2,4.74,97.0
6.49,2.2,4.74,97.0
6.49,2.2,4.74,97.0
6.49,2.2,4.74,97.0
6.49,2.2,4.74,97.0
6.50,2.2,4.87,97.0
6.50,2.2,4.87,97.0
6.50,2.2,4.87,97.0
6.51,2.2,4.87,97.0
6.51,2.2,4.87,97.0
6.51,2.2,4.87,97.0
6.52,2.2,5.00,97.0
6.52,2.2,5.00,97.0
6.52,2.2,5.00,97.0
6.53,2.2,5.00,97.0
6.53,2.2,5.00,97.0
6.53,2.2,5.00,97.0
6.54,2.2,5.13,97.0
6.54,2.2,5.13,97.0
6.54,2.2,5.13,97.0
6.55,2.2,5.13,97.0
6.55,2.2,5.13,97.0
6.55,2.2,5.13,97.0
6.55,2.2,5.13,97.0
6.56,2.2,5.26,97.0
6.56,2.2,5.26,97.0
6.56,2.2,5.26,97.0
6.57,2.2,5.26,97.0
6.57,2.2,5.26,97.0
6.57,2.2,5.26,97.0
6.57,2.2,5.40,97.0
6.58,2.2,5.40,97.0
6.58,2.2,5.40,97.0
6.58,2.2,5.40,97.0
6.59,2.2,5.40,97.0
6.59,2.2,5.40,97.0
6.59,2.2,5.40,97.0
6.59,2.2,5.40,97.0
6.60,2.2,5.53,97.0
6.60,2.2,5.53,97.0
6.60,2.2,5.53,97.0
6.60,2.2,5.53,97.0
6.61,2.2,5.53,97.0
6.61,2.2,5.53,97.0
6.61,2.2,5.53,97.0
6.62,2.2,5.66,97.0
6.62,2.2,5.66,97.0
6.63,2.2,5.66,97.0
6.63,2.2,5.66,97.0
6.63,2.2,5.66,97.0
6.63,2.2,5.66,97.0
6.64,2.2,5.79,97.0
6.64,2.2,5.79,97.0
6.64,2.2,5.79,97.0
6.65,2.2,5.79,97.0
6.65,2.2,5.79,97.0
6.65,2.2,5.79,97.0
6.65,2.2,5.68,97.0
6.66,2.2,5.68,97.0
6.66,2.2,5.68,97.0
6.66,2.2,5.68,97.0
6.67,2.2,5.68,97.0
6.67,2.2,5.68,97.0
6.67,2.2,5.68,97.0
6.67,2.2,5.58,97.0
6.68,2.2,5.58,97.0
6.68,2.2,5.58,97.0
6.68,2.2,5.58,97.0
6.69,2.2,5.58,97.0
6.69,2.2,5.58,97.0
6.69,2.2,5.58,97.0
6.69,2.2,5.58,97.0
6.70,2.2,5.50,97.0
6.70,2.2,5.50,97.0
6.70,2.2,5.50,97.0
6.71,2.2,5.50,97.0
6.71,2.2,5.50,97.0
6.71,2.2,5.50,97.0
6.72,2.2,5.43,97.0
6.72,2.2,5.43,97.0
6.72,2.2,5.43,97.0
6.72,2.2,5.43,97.0
6.73,2.2,5.43,97.0
6.73,2.2,5.43,97.0
6.73,2.2,5.43,97.0
6.74,2.2,5.37,97.0
6.74,2.2,5.37,97.0
6.74,2.2,5.37,97.0
6.75,2.2,5.37,97.0
6.75,2.2,5.37,97.0
6.75,2.2,5.37,97.0
6.75,2.2,5.37,97.0
6.76,2.2,5.32,97.0
6.76,2.2,5.32,97.0
6.76,2.2,5.32,97.0
6.77,2.2,5.32,97.0
6.77,2.2,5.32,97.0
6.77,2.2,5.32,97.0
6.77,2.2,5.32,97.0
6.78,2.2,5.28,97.0
6.78,2.2,5.28,97.0
6.78,2.2,5.28,97.0
6.78,2.2,5.28,97.0
6.79,2.2,5.28,97.0
6.79,2.2,5.28,97.0
6.79,2.2,5.28,97.0
6.79,2.2,5.28,97.0
6.80,2.2,5.25,97.0
6.80,2.2,5.25,97.0
6.80,2.2,5.25,97.0
6.80,2.2,5.25,97.0
6.81,2.2,5.25,97.0
6.81,2.2,5.25,97.0
6.81,2.2,5.25,97.0
6.81,2.2,5.25,97.0
6.82,2.2,5.23,97.0
6.82,2.2,5.23,97.0
6.82,2.2,5.23,97.0
6.83,2.2,5.23,97.0
6.83,2.2,5.23,97.0
6.83,2.2,5.23,97.0
6.83,2.2,5.23,97.0
6.84,2.2,5.22,97.0
6.84,2.2,5.22,97.0
6.84,2.2,5.22,97.0
6.84,2.2,5.22,97.0
6.85,2.2,5.22,97.0
6.85,2.2,5.22,97.0
6.85,2.2,5.22,97.0
6.85,2.2,5.21,97.0
6.86,2.2,5.21,97.0
6.86,2.2,5.21,97.0
6.86,2.2,5.21,97.0
6.87,2.2,5.21,97.0
6.87,2.2,5.21,97.0
6.87,2.2,5.21,97.0
6.87,2.2,5.21,97.0
6.88,2.2,5.22,97.0
6.88,2.2,5.22,97.0
6.88,2.2,5.22,97.0
6.88,2.2,5.22,97.0
6.89,2.2,5.22,97.0
6.89,2.2,5.22,97.0
6.89,2.2,5.22,97.0
6.89,2.2,5.22,97.0
6.89,2.2,5.22,97.0
6.90,2.2,5.22,97.0
6.90,2.2,5.22,97.0
6.90,2.2,5.22,97.0
6.91,2.2,5.22,97.0
6.91,2.2,5.22,97.0
6.91,2.2,5.22,97.0
6.91,2.2,5.22,97.0
6.91,2.2,5.22,97.0
6.92,2.2,5.23,97.0
6.92,2.2,5.23,97.0
6.92,2.2,5.23,97.0
6.93,2.2,5.23,97.0
6.93,2.2,5.23,97.0
6.93,2.2,5.23,97.0
6.94,2.2,5.25,97.0
6.94,2.2,5.25,97.0
6.94,2.2,5.25,97.0
6.94,2.2,5.25,97.0
6.95,2.2,5.25,97.0
6.95,2.2,5.25,97.0
6.95,2.2,5.25,97.0
6.96,2.2,5.26,97.0
6.96,2.2,5.26,97.0
6.96,2.2,5.26,97.0
6.96,2.2,5.26,97.0
6.97,2.2,5.26,97.0
6.97,2.2,5.26,97.0
6.97,2.2,5.26,97.0
6.97,2.2,5.26,97.0
6.98,2.2,5.29,97.0
6.98,2.2,5.29,97.0
6.98,2.2,5.29,97.0
6.98,2.2,5.29,97.0
6.98,2.2,5.29,97.0
6.99,2.2,5.29,97.0
6.99,2.2,5.29,97.0
6.99,2.2,5.29,97.0
6.99,2.2,5.29,97.0
7.00,2.2,5.31,97.0
7.00,2.2,5.31,97.0
7.00,2.2,5.31,97.0
7.00,2.2,5.31,97.0
7.01,2.2,5.31,97.0
7.01,2.2,5.31,97.0
7.01,2.2,5.31,97.0
7.01,2.2,5.31,97.0
7.02,2.2,5.33,97.0
7.02,2.2,5.33,97.0
7.02,2.2,5.33,97.0
7.02,2.2,5.33,97.0
7.03,2.2,5.33,97.0
7.03,2.2,5.33,97.0
7.03,2.2,5.33,97.0
7.03,2.2,5.33,97.0
7.04,2.2,5.36,97.0
7.04,2.2,5.36,97.0
7.04,2.2,5.36,97.0
7.05,2.2,5.36,97.0
7.05,2.2,5.36,97.0
7.05,2.2,5.36,97.0
7.06,2.2,5.39,97.0
7.06,2.2,5.39,97.0
7.06,2.2,5.39,97.0
7.06,2.2,5.39,97.0
7.07,2.2,5.39,97.0
7.07,2.2,5.39,97.0
7.07,2.2,5.39,97.0
7.07,2.2,5.39,97.0
7.08,2.2,5.42,97.0
7.08,2.2,5.42,97.0
7.08,2.2,5.42,97.0
7.08,2.2,5.42,97.0
7.09,2.2,5.42,97.0
7.09,2.2,5.42,97.0
7.09,2.2,5.42,97.0
7.09,2.2,5.42,97.0
7.10,2.2,5.45,97.0
7.10,2.2,5.45,97.0
7.10,2.2,5.45,97.0
7.10,2.2,5.45,97.0
7.11,2.2,5.45,97.0
7.11,2.2,5.45,97.0
7.11,2.2,5.45,97.0
7.11,2.2,5.45,97.0
7.12,2.2,5.49,97.0
7.12,2.2,5.49,97.0
7.12,2.2,5.49,97.0
7.13,2.2,5.49,97.0
7.13,2.2,5.49,97.0
7.13,2.2,5.49,97.0
7.13,2.2,5.49,97.0
7.14,2.2,5.52,97.0
7.14,2.2,5.52,97.0
7.14,2.2,5.52,97.0
7.15,2.2,5.52,97.0
7.15,2.2,5.52,97.0
7.15,2.2,5.52,97.0
7.15,2.2,5.52,97.0
7.16,2.2,5.55,97.0
7.16,2.2,5.55,97.0
7.16,2.2,5.55,97.0
7.17,2.2,5.55,97.0
7.17,2.2,5.55,97.0
7.17,2.2,5.55,97.0
7.17,2.2,5.55,97.0
7.18,2.2,5.58,97.0
7.18,2.2,5.58,97.0
7.18,2.2,5.58,97.0
7.19,2.2,5.58,97.0
7.19,2.2,5.58,97.0
7.19,2.2,5.58,97.0
7.19,2.2,5.58,97.0
7.20,2.2,5.62,97.0
7.20,2.2,5.62,97.0
7.20,2.2,5.62,97.0
7.20,2.2,5.62,97.0
7.21,2.2,5.62,97.0
7.21,2.2,5.62,97.0
7.21,2.2,5.62,97.0
7.22,2.2,5.65,97.0
7.22,2.2,5.65,97.0
7.22,2.2,5.65,97.0
7.22,2.2,5.65,97.0
7.23,2.2,5.65,97.0
7.23,2.2,5.65,97.0
7.23,2.2,5.65,97.0
7.24,2.2,5.68,97.0
7.24,2.2,5.68,97.0
7.24,2.2,5.68,97.0
7.25,2.2,5.68,97.0
7.25,2.2,5.68,97.0
7.25,2.2,5.68,97.0
7.25,2.2,5.68,97.0
7.26,2.2,5.65,97.0
7.26,2.2,5.65,97.0
7.26,2.2,5.65,97.0
7.27,2.2,5.65,97.0
7.27,2.2,5.65,97.0
7.27,2.2,5.65,97.0
7.27,2.2,5.65,97.0
7.28,2.2,5.64,97.0
7.28,2.2,5.64,97.0
7.28,2.2,5.64,97.0
7.29,2.2,5.64,97.0
7.29,2.2,5.64,97.0
7.29,2.2,5.64,97.0
7.29,2.2,5.64,97.0
7.30,2.2,5.64,97.0
7.30,2.2,5.64,97.0
7.30,2.2,5.64,97.0
7.30,2.2,5.64,97.0
7.31,2.2,5.64,97.0
7.31,2.2,5.64,97.0
7.31,2.2,5.64,97.0
7.31,2.2,5.64,97.0
7.32,2.2,5.66,97.0
7.32,2.2,5.66,97.0
7.33,2.2,5.66,97.0
7.33,2.2,5.66,97.0
7.33,2.2,5.66,97.0
7.33,2.2,5.66,97.0
7.34,2.2,5.70,97.0
7.34,2.2,5.70,97.0
7.34,2.2,5.70,97.0
7.35,2.2,5.70,97.0
7.35,2.2,5.70,97.0
7.35,2.2,5.70,97.0
7.35,2.2,5.70,97.0
7.35,2.2,5.70,97.0
7.36,2.2,5.48,97.0
7.36,2.2,5.48,97.0
7.36,2.2,5.48,97.0
7.37,2.2,5.48,97.0
7.37,2.2,5.48,97.0
7.37,2.2,5.48,97.0
7.37,2.2,5.48,97.0
7.37,2.2,5.48,97.0
7.38,2.2,5.28,97.0
7.38,2.2,5.28,97.0
7.38,2.2,5.28,97.0
7.39,2.2,5.28,97.0
7.39,2.2,5.28,97.0
7.39,2.2,5.28,97.0
7.39,2.2,5.28,97.0
7.40,2.2,5.10,97.0
7.40,2.2,5.10,97.0
7.40,2.2,5.10,97.0
7.41,2.2,5.10,97.0
7.41,2.2,5.10,97.0
7.41,2.2,5.10,97.0
7.41,2.2,5.10,97.0
7.42,2.2,4.94,97.0
7.42,2.2,4.94,97.0
7.42,2.2,4.94,97.0
7.43,2.2,4.94,97.0
7.43,2.2,4.94,97.0
7.43,2.2,4.94,97.0
7.43,2.2,4.94,97.0
7.44,2.2,4.81,97.0
7.44,2.2,4.81,97.0
7.44,2.2,4.81,97.0
7.44,2.2,4.81,97.0
7.45,2.2,4.81,97.0
7.45,2.2,4.81,97.0
7.45,2.2,4.81,97.0
7.45,2.2,4.81,97.0
7.46,2.2,4.69,97.0
7.46,2.2,4.69,97.0
7.46,2.2,4.69,97.0
7.47,2.2,4.69,97.0
7.47,2.2,4.69,97.0
7.47,2.2,4.69,97.0
7.47,2.2,4.69,97.0
7.48,2.2,4.59,97.0
7.48,2.2,4.59,97.0
7.48,2.2,4.59,97.0
7.49,2.2,4.59,97.0
7.49,2.2,4.59,97.0
7.49,2.2,4.59,97.0
7.49,2.2,4.59,97.0
7.50,2.2,4.51,97.0
7.50,2.2,4.51,97.0
7.50,2.2,4.51,97.0
7.50,2.2,4.51,97.0
7.51,2.2,4.51,97.0
7.51,2.2,4.51,97.0
7.51,2.2,4.51,97.0
7.51,2.2,4.51,97.0
7.52,2.2,4.45,97.0
7.52,2.2,4.45,97.0
7.52,2.2,4.45,97.0
7.52,2.2,4.45,97.0
7.53,2.2,4.45,97.0
7.53,2.2,4.45,97.0
7.53,2.2,4.45,97.0
7.53,2.2,4.45,97.0
7.54,2.2,4.40,97.0
7.54,2.2,4.40,97.0
7.54,2.2,4.40,97.0
7.54,2.2,4.40,97.0
7.54,2.2,4.40,97.0
7.55,2.2,4.40,97.0
7.55,2.2,4.40,97.0
7.55,2.2,4.40,97.0
7.56,2.2,4.37,97.0
7.56,2.2,4.37,97.0
7.56,2.2,4.37,97.0
7.56,2.2,4.37,97.0
7.57,2.2,4.37,97.0
7.57,2.2,4.37,97.0
7.57,2.2,4.37,97.0
7.57,2.2,4.37,97.0
7.58,2.2,4.35,97.0
7.58,2.2,4.35,97.0
7.58,2.2,4.35,97.0
7.59,2.2,4.35,97.0
7.59,2.2,4.35,97.0
7.59,2.2,4.35,97.0
7.59,2.2,4.35,97.0
7.60,2.2,4.34,97.0
7.60,2.2,4.34,97.0
7.60,2.2,4.34,97.0
7.60,2.2,4.34,97.0
7.61,2.2,4.34,97.0
7.61,2.2,4.34,97.0
7.61,2.2,4.34,97.0
7.61,2.2,4.34,97.0
7.61,2.2,4.34,97.0
7.62,2.2,4.34,97.0
7.62,2.2,4.34,97.0
7.62,2.2,4.34,97.0
7.62,2.2,4.34,97.0
7.63,2.2,4.34,97.0
7.63,2.2,4.34,97.0
7.63,2.2,4.34,97.0
7.64,2.2,4.35,97.0
7.64,2.2,4.35,97.0
7.64,2.2,4.35,97.0
7.64,2.2,4.35,97.0
7.65,2.2,4.35,97.0
7.65,2.2,4.35,97.0
7.65,2.2,4.35,97.0
7.65,2.2,4.35,97.0
7.66,2.2,4.37,97.0
7.66,2.2,4.37,97.0
7.66,2.2,4.37,97.0
7.67,2.2,4.37,97.0
7.67,2.2,4.37,97.0
7.67,2.2,4.37,97.0
7.67,2.2,4.37,97.0
7.68,2.2,4.40,97.0
7.68,2.2,4.40,97.0
7.68,2.2,4.40,97.0
7.68,2.2,4.40,97.0
7.69,2.2,4.40,97.0
7.69,2.2,4.40,97.0
7.69,2.2,4.40,97.0
7.69,2.2,4.40,97.0
7.70,2.2,4.43,97.0
7.70,2.2,4.43,97.0
7.70,2.2,4.43,97.0
7.70,2.2,4.43,97.0
7.71,2.2,4.43,97.0
7.71,2.2,4.43,97.0
7.71,2.2,4.43,97.0
7.71,2.2,4.43,97.0
7.72,2.2,4.47,97.0
7.72,2.2,4.47,97.0
7.72,2.2,4.47,97.0
7.72,2.2,4.47,97.0
7.73,2.2,4.47,97.0
7.73,2.2,4.47,97.0
7.73,2.2,4.47,97.0
7.73,2.2,4.47,97.0
7.74,2.2,4.51,97.0
7.74,2.2,4.51,97.0
7.74,2.2,4.51,97.0
7.74,2.2,4.51,97.0
7.75,2.2,4.51,97.0
7.75,2.2,4.51,97.0
7.75,2.2,4.51,97.0
7.75,2.2,4.51,97.0
7.76,2.2,4.56,97.0
7.76,2.2,4.56,97.0
7.76,2.2,4.56,97.0
7.77,2.2,4.56,97.0
7.77,2.2,4.56,97.0
7.77,2.2,4.56,97.0
7.77,2.2,4.56,97.0
7.78,2.2,4.60,97.0
7.78,2.2,4.60,97.0
7.78,2.2,4.60,97.0
7.78,2.2,4.60,97.0
7.79,2.2,4.60,97.0
7.79,2.2,4.60,97.0
7.79,2.2,4.60,97.0
7.79,2.2,4.60,97.0
7.80,2.2,4.65,97.0
7.80,2.2,4.65,97.0
7.80,2.2,4.65,97.0
7.80,2.2,4.65,97.0
7.80,2.2,4.65,97.0
7.81,2.2,4.65,97.0
7.81,2.2,4.65,97.0
7.81,2.2,4.65,97.0
7.81,2.2,4.65,97.0
7.82,2.2,4.71,97.0
7.82,2.2,4.71,97.0
7.82,2.2,4.71,97.0
7.82,2.2,4.71,97.0
7.83,2.2,4.71,97.0
7.83,2.2,4.71,97.0
7.83,2.2,4.71,97.0
7.83,2.2,4.71,97.0
7.84,2.2,4.76,97.0
7.84,2.2,4.76,97.0
7.84,2.2,4.76,97.0
7.84,2.2,4.76,97.0
7.85,2.2,4.76,97.0
7.85,2.2,4.76,97.0
7.85,2.2,4.76,97.0
7.85,2.2,4.76,97.0
7.86,2.2,4.81,97.0
7.86,2.2,4.81,97.0
7.86,2.2,4.81,97.0
7.86,2.2,4.81,97.0
7.87,2.2,4.81,97.0
7.87,2.2,4.81,97.0
7.87,2.2,4.81,97.0
7.87,2.2,4.81,97.0
7.88,2.2,4.87,97.0
